,prec_no,県,No,i,地点名,block_no,緯度（度、分),緯度（度、分)2,経度（度、分),経度（度、分)2,標高(m)
0,20,北海道,183,1,"""軍艦山""",100,43,28.7,143,7.6,900.0
1,20,北海道,184,2,"""陸別""",101,43,28.1,143,44.3,207.0
2,20,北海道,185,3,"""殖産高地""",102,43,26.1,143,41.7,419.0
3,20,北海道,186,4,"""ぬかびら源泉郷""",103,43,22.0,143,11.5,540.0
4,20,北海道,187,5,"""小坂山""",104,43,23.8,143,29.0,740.0
5,20,北海道,188,6,"""上足寄""",105,43,21.4,143,48.1,384.0
6,20,北海道,189,7,"""西ヌプカウシ山""",106,43,14.5,143,4.2,760.0
7,20,北海道,190,8,"""上士幌""",107,43,14.1,143,18.2,295.0
8,20,北海道,191,9,"""幌安山""",108,43,14.9,143,26.7,440.0
9,20,北海道,192,10,"""足寄""",109,43,14.6,143,33.2,90.0
10,20,北海道,193,11,"""佐幌岳""",110,43,10.5,142,47.1,900.0
11,20,北海道,194,12,"""三角山""",111,43,11.8,142,58.1,560.0
12,20,北海道,195,13,"""本別""",112,43,7.9,143,36.0,67.0
13,20,北海道,196,14,"""新得""",113,43,4.6,142,50.4,178.0
14,20,北海道,197,15,"""鹿追""",114,43,6.2,142,59.7,206.0
15,20,北海道,198,16,"""芽室""",115,42,54.0,143,2.6,90.0
16,20,北海道,199,17,"""帯広""",47417,42,55.3,143,12.7,38.4
17,20,北海道,200,18,"""池田""",117,42,55.2,143,27.5,42.0
18,20,北海道,201,19,"""浦幌""",118,42,48.5,143,39.4,20.0
19,20,北海道,202,20,"""帯広岳""",119,42,44.8,142,56.0,440.0
20,20,北海道,203,21,"""ひょうたん沢""",120,42,35.8,143,3.8,380.0
21,20,北海道,204,22,"""大樹""",121,42,30.0,143,16.4,87.0
22,20,北海道,205,23,"""広尾""",47440,42,17.6,143,19.0,32.4
23,20,北海道,206,24,"""三国山""",1099,43,34.1,143,8.4,940.0
24,20,北海道,207,25,"""駒場""",1204,43,3.0,143,11.0,112.0
25,20,北海道,208,26,"""上札内""",1210,42,38.5,143,5.8,251.0
26,20,北海道,209,27,"""更別""",1211,42,39.1,143,11.7,185.0
27,20,北海道,210,28,"""大津""",1214,42,41.1,143,38.8,4.0
28,20,北海道,211,29,"""糠内""",1286,42,47.2,143,19.7,70.0
29,20,北海道,212,30,"""小利別""",1404,43,35.3,143,40.8,313.0
30,20,北海道,213,31,"""押帯""",1405,43,6.9,143,26.6,104.0
31,20,北海道,214,32,"""柏倉""",1409,43,21.7,143,27.5,378.0
32,20,北海道,215,33,"""上螺湾""",1410,43,19.1,143,48.1,232.0
33,20,北海道,216,34,"""留真""",1418,42,55.0,143,39.7,40.0
34,20,北海道,217,35,"""帯広泉""",1510,42,44.0,143,13.0,149.0
35,20,北海道,218,36,"""三股""",1571,43,30.6,143,8.9,660.0
36,31,青森,284,1,"""障子山""",158,41,16.6,141,5.8,740.0
37,31,青森,285,2,"""むつ""",47576,41,17.0,141,12.6,2.9
38,31,青森,286,3,"""蟹田""",160,41,2.7,140,38.0,5.0
39,31,青森,287,4,"""青森""",47575,40,49.3,140,46.1,2.8
40,31,青森,288,5,"""野辺地""",162,40,53.1,141,9.6,14.0
41,31,青森,289,6,"""鰺ケ沢""",163,40,46.6,140,12.3,40.0
42,31,青森,290,7,"""五所川原""",164,40,48.5,140,27.5,9.0
43,31,青森,291,8,"""深浦""",47574,40,38.7,139,55.9,66.1
44,31,青森,292,9,"""弘前""",166,40,36.7,140,27.3,30.0
45,31,青森,293,10,"""黒石""",167,40,40.0,140,35.1,30.0
46,31,青森,294,11,"""八甲田山""",168,40,40.5,140,51.5,1310.0
47,31,青森,295,12,"""三沢""",169,40,40.5,141,22.5,39.0
48,31,青森,296,13,"""四兵衛森""",170,40,33.1,140,12.4,645.0
49,31,青森,297,14,"""毛無山""",171,40,33.1,140,45.2,940.0
50,31,青森,298,15,"""十和田""",172,40,35.7,141,14.8,42.0
51,31,青森,299,16,"""八戸""",47581,40,31.6,141,31.3,27.1
52,31,青森,300,17,"""大鰐""",174,40,31.8,140,33.3,63.0
53,31,青森,301,18,"""碇ケ関""",175,40,28.9,140,37.2,135.0
54,31,青森,302,19,"""空岱山""",176,40,26.3,140,42.5,585.0
55,31,青森,303,20,"""休屋""",177,40,25.6,140,53.9,414.0
56,31,青森,304,21,"""朝日奈岳""",178,40,19.5,141,2.9,710.0
57,31,青森,305,22,"""三戸""",179,40,23.0,141,15.4,60.0
58,31,青森,306,23,"""今別""",1026,41,10.8,140,28.9,30.0
59,31,青森,307,24,"""六ケ所""",1027,40,53.1,141,16.3,80.0
60,31,青森,308,25,"""大間""",1041,41,31.6,140,54.7,14.0
61,31,青森,309,26,"""大和山""",1042,40,50.9,140,59.1,137.0
62,31,青森,310,27,"""酸ケ湯""",1079,40,38.9,140,50.9,890.0
63,31,青森,311,28,"""岳""",1108,40,37.7,140,15.8,438.0
64,31,青森,312,29,"""長慶平""",1110,40,37.1,139,59.8,242.0
65,31,青森,313,30,"""市浦""",1119,41,3.4,140,20.8,20.0
66,31,青森,314,31,"""小田野沢""",1122,41,14.1,141,23.8,6.0
67,31,青森,315,32,"""脇野沢""",1124,41,8.7,140,49.3,15.0
68,31,青森,316,33,"""七戸""",1183,40,42.5,141,7.7,57.0
69,31,青森,317,34,"""戸来""",1272,40,28.1,141,10.6,125.0
70,31,青森,318,35,"""温川""",1406,40,30.9,140,47.0,404.0
71,31,青森,319,36,"""青森大谷""",1495,40,44.0,140,41.3,198.0
72,31,青森,320,37,"""湯野川""",1559,41,18.8,140,57.4,162.0
73,32,秋田,321,1,"""田代岳""",180,40,24.7,140,24.0,800.0
74,32,秋田,322,2,"""陣場""",181,40,24.2,140,36.5,176.0
75,32,秋田,323,3,"""杉沢山""",182,40,21.9,140,48.6,670.0
76,32,秋田,324,4,"""能代""",183,40,11.9,140,1.9,6.0
77,32,秋田,325,5,"""鷹巣""",184,40,13.6,140,22.3,29.0
78,32,秋田,326,6,"""鹿角""",185,40,12.9,140,47.2,123.0
79,32,秋田,327,7,"""湯瀬""",186,40,7.2,140,50.4,214.0
80,32,秋田,328,8,"""森吉山""",187,40,0.3,140,31.1,800.0
81,32,秋田,329,9,"""五城目""",188,39,56.3,140,6.9,6.0
82,32,秋田,330,10,"""男鹿本山""",189,39,53.5,139,46.0,440.0
83,32,秋田,331,11,"""秋田""",47582,39,43.0,140,5.9,6.3
84,32,秋田,332,12,"""太平山""",191,39,47.0,140,15.0,600.0
85,32,秋田,333,13,"""岩見三内""",192,39,42.4,140,17.2,41.0
86,32,秋田,334,14,"""角館""",193,39,36.2,140,33.4,56.0
87,32,秋田,335,15,"""田沢湖""",194,39,41.9,140,43.9,230.0
88,32,秋田,336,16,"""大曲""",195,39,29.4,140,29.7,30.0
89,32,秋田,337,17,"""本荘""",196,39,21.6,140,3.3,11.0
90,32,秋田,338,18,"""保呂羽山""",197,39,22.1,140,19.0,340.0
91,32,秋田,339,19,"""横手""",198,39,19.2,140,33.3,59.0
92,32,秋田,340,20,"""にかほ""",199,39,15.3,139,54.8,7.0
93,32,秋田,341,21,"""矢島""",200,39,14.1,140,8.2,46.0
94,32,秋田,342,22,"""三森山""",201,39,13.3,140,43.0,570.0
95,32,秋田,343,23,"""湯沢""",202,39,11.2,140,27.8,74.0
96,32,秋田,344,24,"""姥井戸山""",203,39,5.6,140,20.1,690.0
97,32,秋田,345,25,"""湯の岱""",204,38,57.6,140,31.7,335.0
98,32,秋田,346,26,"""大館""",912,40,15.1,140,30.3,49.0
99,32,秋田,347,27,"""大潟""",1035,40,0.0,139,57.0,-3.0
100,32,秋田,348,28,"""男鹿""",1036,39,54.7,139,54.0,20.0
101,32,秋田,349,29,"""八森""",1043,40,24.8,139,56.9,34.0
102,32,秋田,350,30,"""大正寺""",1050,39,31.6,140,14.0,20.0
103,32,秋田,351,31,"""東成瀬""",1109,39,10.7,140,38.9,191.0
104,32,秋田,352,32,"""比立内""",1115,39,54.2,140,27.0,210.0
105,32,秋田,353,33,"""東由利""",1117,39,18.3,140,17.3,117.0
106,32,秋田,354,34,"""阿仁合""",1131,39,59.6,140,24.2,120.0
107,32,秋田,355,35,"""鎧畑""",1167,39,46.5,140,39.9,281.0
108,32,秋田,356,36,"""藤里""",1273,40,19.2,140,17.6,68.0
109,32,秋田,357,37,"""桧木内""",1278,39,48.7,140,35.1,255.0
110,32,秋田,358,38,"""八幡平""",1289,40,0.8,140,48.1,578.0
111,32,秋田,359,39,"""笹子""",1407,39,6.2,140,17.6,200.0
112,32,秋田,360,40,"""藤原""",1408,40,21.3,140,46.8,280.0
113,32,秋田,361,41,"""男鹿真山""",1422,39,56.3,139,46.9,84.0
114,32,秋田,362,42,"""仁別""",1425,39,48.0,140,13.0,179.0
115,32,秋田,363,43,"""脇神""",1463,40,11.5,140,22.3,84.0
116,32,秋田,364,44,"""雄和""",1511,39,36.9,140,13.1,91.0
117,32,秋田,365,45,"""田沢湖高原""",1652,39,46.7,140,45.7,652.0
118,33,岩手,366,1,"""種市""",205,40,24.2,141,42.0,70.0
119,33,岩手,367,2,"""軽米""",206,40,19.0,141,28.4,153.0
120,33,岩手,368,3,"""二戸""",207,40,17.9,141,17.9,87.0
121,33,岩手,369,4,"""折爪岳""",208,40,15.8,141,22.5,844.0
122,33,岩手,370,5,"""久慈""",209,40,10.1,141,44.9,13.0
123,33,岩手,371,6,"""西岳""",210,40,5.0,141,10.4,1008.0
124,33,岩手,372,7,"""葛巻""",211,40,2.4,141,27.4,418.0
125,33,岩手,373,8,"""袖山""",212,40,1.5,141,31.5,1144.0
126,33,岩手,374,9,"""茶臼岳""",213,39,56.7,140,54.3,1443.0
127,33,岩手,375,10,"""岩手松尾""",214,39,57.1,141,3.9,275.0
128,33,岩手,376,11,"""岩手山""",215,39,50.4,140,57.0,1403.0
129,33,岩手,377,12,"""岩洞""",216,39,49.5,141,22.5,678.0
130,33,岩手,378,13,"""大森山""",217,39,49.1,141,31.2,1073.0
131,33,岩手,379,14,"""岩泉""",218,39,50.8,141,47.7,105.0
132,33,岩手,380,15,"""駒ケ岳""",219,39,44.0,140,47.5,1003.0
133,33,岩手,381,16,"""害鷹森""",220,39,42.5,141,36.2,1278.0
134,33,岩手,382,17,"""雫石""",221,39,41.8,140,58.5,195.0
135,33,岩手,383,18,"""盛岡""",47584,39,41.9,141,9.9,155.2
136,33,岩手,384,19,"""宮古""",47585,39,38.8,141,57.9,42.5
137,33,岩手,385,20,"""薬師岳""",224,39,31.7,141,29.8,1604.0
138,33,岩手,386,21,"""黒森山""",225,39,29.7,140,47.5,644.0
139,33,岩手,387,22,"""豊沢""",226,39,28.8,140,58.1,300.0
140,33,岩手,388,23,"""花巻""",227,39,25.7,141,8.1,90.0
141,33,岩手,389,24,"""大迫""",228,39,28.2,141,16.7,150.0
142,33,岩手,390,25,"""湯田""",229,39,18.6,140,46.6,250.0
143,33,岩手,391,26,"""北上""",230,39,17.3,141,6.6,61.0
144,33,岩手,392,27,"""遠野""",231,39,20.3,141,32.6,275.0
145,33,岩手,393,28,"""五葉山""",232,39,10.6,141,39.7,560.0
146,33,岩手,394,29,"""釜石""",233,39,16.2,141,52.7,5.0
147,33,岩手,395,30,"""岳山""",234,39,8.0,140,52.6,973.0
148,33,岩手,396,31,"""若柳""",235,39,8.4,141,3.8,97.0
149,33,岩手,397,32,"""江刺""",236,39,11.0,141,9.7,42.0
150,33,岩手,398,33,"""大船渡""",47512,39,3.8,141,42.8,36.9
151,33,岩手,399,34,"""一関""",238,38,56.0,141,7.5,32.0
152,33,岩手,400,35,"""千厩""",239,38,55.3,141,19.8,120.0
153,33,岩手,401,36,"""室根山""",240,38,58.2,141,27.0,883.0
154,33,岩手,402,37,"""祭畤""",1028,39,0.7,140,51.9,350.0
155,33,岩手,403,38,"""好摩""",1032,39,52.1,141,10.0,205.0
156,33,岩手,404,39,"""山田""",1033,39,27.0,141,57.4,24.0
157,33,岩手,405,40,"""大野""",1037,40,16.9,141,40.0,200.0
158,33,岩手,406,41,"""衣川""",1045,39,3.0,141,2.7,75.0
159,33,岩手,407,42,"""薮川""",1078,39,47.0,141,19.7,680.0
160,33,岩手,408,43,"""米里""",1113,39,14.0,141,18.6,170.0
161,33,岩手,409,44,"""沢内""",1118,39,28.8,140,47.8,327.0
162,33,岩手,410,45,"""荒屋""",1120,40,6.2,141,3.0,290.0
163,33,岩手,411,46,"""普代""",1123,40,0.2,141,53.0,8.0
164,33,岩手,412,47,"""紫波""",1128,39,32.8,141,7.6,125.0
165,33,岩手,413,48,"""葛根田""",1168,39,46.6,140,56.7,350.0
166,33,岩手,414,49,"""住田""",1206,39,8.5,141,34.4,80.0
167,33,岩手,415,50,"""小本""",1212,39,50.8,141,57.8,3.0
168,33,岩手,416,51,"""奥中山""",1215,40,3.6,141,13.5,430.0
169,33,岩手,417,52,"""山形""",1219,40,8.9,141,34.3,290.0
170,33,岩手,418,53,"""川井""",1224,39,35.9,141,40.9,192.0
171,33,岩手,419,54,"""門馬""",1225,39,38.0,141,26.2,620.0
172,33,岩手,420,55,"""下戸鎖""",1332,40,5.0,141,42.7,239.0
173,33,岩手,421,56,"""区界""",1447,39,39.0,141,21.2,760.0
174,33,岩手,422,57,"""大槌""",1508,39,26.3,141,48.4,120.0
175,33,岩手,423,58,"""大東""",1557,39,2.3,141,17.8,140.0
176,33,岩手,424,59,"""金ヶ崎""",1558,39,13.5,141,0.9,170.0
177,33,岩手,425,60,"""滝沢""",1560,39,46.8,141,5.8,210.0
178,33,岩手,426,61,"""附馬牛""",1563,39,27.4,141,30.4,440.0
179,33,岩手,427,62,"""厳美""",1598,38,59.0,140,54.7,230.0
180,33,岩手,428,63,"""刈屋""",1627,39,38.5,141,46.4,140.0
181,33,岩手,429,64,"""新町""",1628,39,21.6,141,54.4,2.0
182,33,岩手,430,65,"""陸前高田""",1629,39,1.5,141,37.8,61.0
183,33,岩手,431,66,"""一方井""",1653,39,58.4,141,10.0,285.0
184,34,宮城,432,1,"""栗駒山""",241,38,56.7,140,48.2,1100.0
185,34,宮城,433,2,"""気仙沼""",242,38,54.4,141,33.4,62.0
186,34,宮城,434,3,"""川渡""",243,38,44.6,140,45.6,170.0
187,34,宮城,435,4,"""築館""",244,38,44.1,141,0.3,25.0
188,34,宮城,436,5,"""箕輪山""",245,38,39.8,140,38.4,680.0
189,34,宮城,437,6,"""志津川""",246,38,40.9,141,26.9,39.0
190,34,宮城,438,7,"""古川""",247,38,35.9,140,54.7,28.0
191,34,宮城,439,8,"""大衡""",248,38,28.4,140,53.3,57.0
192,34,宮城,440,9,"""鹿島台""",249,38,27.6,141,5.5,3.0
193,34,宮城,441,10,"""石巻""",47592,38,25.6,141,17.9,42.5
194,34,宮城,442,11,"""新川""",251,38,18.2,140,38.2,265.0
195,34,宮城,443,12,"""鷹巣山""",252,38,15.8,140,35.5,705.0
196,34,宮城,444,13,"""仙台""",47590,38,15.7,140,53.8,38.9
197,34,宮城,445,14,"""川崎""",254,38,10.7,140,38.1,200.0
198,34,宮城,446,15,"""不忘山""",255,38,4.3,140,30.1,1050.0
199,34,宮城,447,16,"""白石""",256,38,0.9,140,36.7,86.0
200,34,宮城,448,17,"""亘理""",257,38,1.5,140,51.5,4.0
201,34,宮城,449,18,"""雄勝""",985,38,31.3,141,28.2,5.0
202,34,宮城,450,19,"""米山""",1029,38,37.6,141,11.3,5.0
203,34,宮城,451,20,"""塩釜""",1030,38,20.3,141,0.8,105.0
204,34,宮城,452,21,"""駒ノ湯""",1126,38,54.8,140,49.7,525.0
205,34,宮城,453,22,"""丸森""",1220,37,55.9,140,46.7,18.0
206,34,宮城,454,23,"""花山""",1267,38,46.4,140,52.0,150.0
207,34,宮城,455,24,"""江ノ島""",1290,38,23.9,141,35.8,40.0
208,34,宮城,456,25,"""筆甫""",1298,37,49.6,140,43.7,305.0
209,34,宮城,457,26,"""泉ケ岳""",1365,38,24.4,140,43.3,630.0
210,34,宮城,458,27,"""名取""",1464,38,8.3,140,55.0,2.0
211,34,宮城,459,28,"""鴬沢""",1526,38,48.3,140,56.9,33.0
212,34,宮城,460,29,"""加美""",1561,38,34.3,140,43.6,195.0
213,34,宮城,461,30,"""蔵王""",1564,38,7.6,140,40.8,112.0
214,34,宮城,462,31,"""栗駒深山""",1597,38,51.8,140,50.6,550.0
215,34,宮城,463,32,"""栗駒""",1600,38,56.4,140,49.0,850.0
216,34,宮城,464,33,"""女川""",1626,38,27.2,141,26.4,35.0
217,34,宮城,465,34,"""桃生""",1630,38,33.6,141,14.7,5.0
218,34,宮城,466,35,"""東松島""",1631,38,25.6,141,12.8,4.0
219,34,宮城,467,36,"""岩沼""",1632,38,6.4,140,52.6,4.0
220,35,山形,468,1,"""鳥海山""",258,39,4.0,140,2.2,1199.0
221,35,山形,469,2,"""酒田""",47587,38,54.5,139,50.6,3.1
222,35,山形,470,3,"""差首鍋""",260,38,55.1,140,12.0,88.0
223,35,山形,471,4,"""太平山""",261,38,54.1,140,23.1,509.0
224,35,山形,472,5,"""金山""",262,38,52.7,140,19.9,170.0
225,35,山形,473,6,"""鶴岡""",263,38,44.1,139,49.7,16.0
226,35,山形,474,7,"""狩川""",264,38,48.0,139,58.4,17.0
227,35,山形,475,8,"""新庄""",47520,38,45.4,140,18.7,105.1
228,35,山形,476,9,"""瀬見""",266,38,45.3,140,24.8,150.0
229,35,山形,477,10,"""温海岳""",267,38,37.7,139,37.8,620.0
230,35,山形,478,11,"""櫛引""",268,38,40.3,139,50.9,33.0
231,35,山形,479,12,"""月山""",269,38,29.9,140,6.1,770.0
232,35,山形,480,13,"""銀山""",270,38,33.7,140,31.6,440.0
233,35,山形,481,14,"""楯岡""",271,38,28.4,140,23.9,118.0
234,35,山形,482,15,"""左沢""",272,38,22.2,140,11.5,133.0
235,35,山形,483,16,"""山形""",47588,38,15.3,140,20.7,152.5
236,35,山形,484,17,"""葉山""",274,38,9.7,139,58.9,970.0
237,35,山形,485,18,"""長井""",275,38,6.3,140,0.9,210.0
238,35,山形,486,19,"""蔵王山""",276,38,9.4,140,26.0,1660.0
239,35,山形,487,20,"""小国""",277,38,4.7,139,44.1,140.0
240,35,山形,488,21,"""高峰""",278,37,59.9,139,57.4,250.0
241,35,山形,489,22,"""米沢""",279,37,54.7,140,8.6,245.0
242,35,山形,490,23,"""西吾妻山""",280,37,46.0,140,8.3,1530.0
243,35,山形,491,24,"""向町""",910,38,45.5,140,31.0,212.0
244,35,山形,492,25,"""上草津""",1038,38,59.7,140,1.7,178.0
245,35,山形,493,26,"""尾花沢""",1039,38,36.5,140,24.7,106.0
246,35,山形,494,27,"""鼠ケ関""",1040,38,34.0,139,33.1,18.0
247,35,山形,495,28,"""山毛欅潰山""",1103,37,54.7,139,48.9,890.0
248,35,山形,496,29,"""肘折""",1125,38,36.4,140,9.8,330.0
249,35,山形,497,30,"""高畠""",1132,38,0.2,140,12.4,220.0
250,35,山形,498,31,"""落合""",1169,38,36.3,139,50.1,99.0
251,35,山形,499,32,"""飛島""",1291,39,11.0,139,32.6,58.0
252,35,山形,500,33,"""大井沢""",1292,38,23.4,139,59.6,440.0
253,35,山形,501,34,"""荒沢""",1357,38,30.4,139,46.9,273.0
254,35,山形,502,35,"""中津川""",1372,37,54.6,139,50.6,390.0
255,35,山形,503,36,"""白鷹山""",1428,38,13.3,140,11.1,860.0
256,35,山形,504,37,"""浜中""",1465,38,48.7,139,47.2,22.0
257,35,山形,505,38,"""東根""",1488,38,24.7,140,22.2,105.0
258,35,山形,506,39,"""村山""",1539,38,27.6,140,20.9,80.0
259,35,山形,507,40,"""上山中山""",1562,38,7.0,140,12.8,270.0
260,36,福島,508,1,"""浪江""",295,37,29.5,140,57.9,47.0
261,36,福島,509,2,"""小野新町""",304,37,17.2,140,37.5,433.0
262,36,福島,510,3,"""広野""",1034,37,14.0,141,0.0,43.0
263,36,福島,511,4,"""川内""",1129,37,20.2,140,48.5,410.0
264,36,福島,512,5,"""相馬""",285,37,47.0,140,55.5,9.0
265,36,福島,513,6,"""郡山""",299,37,22.1,140,19.8,249.0
266,36,福島,514,7,"""梁川""",281,37,51.1,140,35.3,43.0
267,36,福島,515,8,"""稲荷峠""",282,37,45.4,139,44.1,800.0
268,36,福島,516,9,"""吾妻山""",283,37,43.3,140,16.5,1300.0
269,36,福島,517,10,"""福島""",47595,37,45.5,140,28.2,67.4
270,36,福島,518,11,"""喜多方""",286,37,39.5,139,51.8,212.0
271,36,福島,519,12,"""八木沢""",287,37,41.8,140,49.2,540.0
272,36,福島,520,13,"""原町""",288,37,38.3,140,59.0,17.0
273,36,福島,521,14,"""飯谷山""",289,37,31.6,139,41.0,720.0
274,36,福島,522,15,"""猪苗代""",290,37,33.1,140,6.5,519.0
275,36,福島,523,16,"""二本松""",291,37,35.0,140,25.8,235.0
276,36,福島,524,17,"""白馬石山""",292,37,34.8,140,43.5,640.0
277,36,福島,525,18,"""若松""",47570,37,29.3,139,54.6,211.7
278,36,福島,526,19,"""船引""",294,37,26.1,140,34.6,421.0
279,36,福島,527,20,"""浅草岳""",296,37,20.6,139,14.2,1520.0
280,36,福島,528,21,"""只見""",297,37,20.6,139,18.8,377.0
281,36,福島,529,22,"""博士峠""",298,37,20.4,139,43.4,1233.0
282,36,福島,530,23,"""富岡""",300,37,20.8,141,1.0,50.0
283,36,福島,531,24,"""南郷""",301,37,15.9,139,32.2,494.0
284,36,福島,532,25,"""駒止峠""",302,37,12.6,139,36.8,1145.0
285,36,福島,533,26,"""田島""",303,37,12.4,139,47.7,544.0
286,36,福島,534,27,"""観音山""",305,37,11.0,139,55.5,1050.0
287,36,福島,535,28,"""白河""",47597,37,7.9,140,12.9,355.0
288,36,福島,536,29,"""石川""",307,37,8.8,140,27.6,290.0
289,36,福島,537,30,"""山王峠""",308,37,4.1,139,43.9,1080.0
290,36,福島,538,31,"""大辷山""",309,37,4.8,140,38.2,688.0
291,36,福島,539,32,"""平""",310,37,3.9,140,52.6,12.0
292,36,福島,540,33,"""田代山""",311,36,58.8,139,28.9,1920.0
293,36,福島,541,34,"""東白川""",312,36,56.3,140,24.5,183.0
294,36,福島,542,35,"""小名浜""",47598,36,56.8,140,54.2,3.3
295,36,福島,543,36,"""西会津""",1031,37,35.3,139,39.4,165.0
296,36,福島,544,37,"""金山""",1044,37,28.4,139,31.7,296.0
297,36,福島,545,38,"""鷲倉""",1116,37,40.1,140,15.6,1220.0
298,36,福島,546,39,"""上遠野""",1127,37,0.5,140,44.2,125.0
299,36,福島,547,40,"""飯舘""",1130,37,39.9,140,43.6,460.0
300,36,福島,548,41,"""津島""",1150,37,33.6,140,45.2,400.0
301,36,福島,549,42,"""長沼""",1268,37,17.3,140,13.1,317.0
302,36,福島,550,43,"""舘岩""",1269,37,5.5,139,31.9,690.0
303,36,福島,551,44,"""川前""",1274,37,14.8,140,43.4,492.0
304,36,福島,552,45,"""桧原""",1282,37,43.3,140,3.5,824.0
305,36,福島,553,46,"""茂庭""",1293,37,53.5,140,26.2,200.0
306,36,福島,554,47,"""湯本""",1294,37,16.6,140,3.8,640.0
307,36,福島,555,48,"""桧枝岐""",1295,37,0.6,139,22.5,973.0
308,36,福島,556,49,"""吉尾峠""",1359,37,20.8,139,33.4,705.0
309,36,福島,557,50,"""六十里越""",1364,37,18.2,139,13.0,860.0
310,36,福島,558,51,"""湖南""",1386,37,23.3,140,5.4,536.0
311,36,福島,559,52,"""玉川""",1466,37,13.6,140,25.6,372.0
312,36,福島,560,53,"""山田""",1607,36,56.0,140,44.0,25.0
313,36,福島,561,54,"""新地""",1633,37,52.5,140,55.1,10.0
314,36,福島,562,55,"""古殿""",1634,37,5.4,140,33.6,347.0
315,40,茨城,563,1,"""花園""",314,36,52.1,140,38.2,370.0
316,40,茨城,564,2,"""北茨城""",315,36,50.0,140,46.3,5.0
317,40,茨城,565,3,"""大子""",316,36,46.7,140,20.7,120.0
318,40,茨城,566,4,"""神峰山""",317,36,38.0,140,36.5,592.0
319,40,茨城,567,5,"""笠間""",318,36,23.7,140,14.4,72.0
320,40,茨城,568,6,"""水戸""",47629,36,22.8,140,28.0,29.0
321,40,茨城,569,7,"""古河""",320,36,12.1,139,43.0,20.0
322,40,茨城,570,8,"""愛宕山""",321,36,17.4,140,15.3,280.0
323,40,茨城,571,9,"""下妻""",322,36,10.1,139,56.7,20.0
324,40,茨城,572,10,"""坂東""",323,36,2.1,139,53.6,16.0
325,40,茨城,573,11,"""土浦""",324,36,6.2,140,13.2,26.0
326,40,茨城,574,12,"""鹿嶋""",325,35,57.8,140,37.3,37.0
327,40,茨城,575,13,"""江戸崎""",911,35,57.6,140,19.2,25.0
328,40,茨城,576,14,"""日立""",1011,36,34.8,140,38.7,34.0
329,40,茨城,577,15,"""柿岡""",1012,36,14.0,140,11.3,27.0
330,40,茨城,578,16,"""美野里""",1013,36,14.2,140,19.5,25.0
331,40,茨城,579,17,"""龍ケ崎""",1014,35,53.4,140,12.7,4.0
332,40,茨城,580,18,"""筑波山""",1082,36,13.5,140,5.9,868.0
333,40,茨城,581,19,"""中野""",1170,36,30.9,140,28.4,17.0
334,40,茨城,582,20,"""徳田""",1173,36,46.7,140,28.9,270.0
335,40,茨城,583,21,"""鉾田""",1245,36,10.1,140,31.6,32.0
336,40,茨城,584,22,"""常陸大宮""",1331,36,36.4,140,19.5,95.0
337,40,茨城,585,23,"""門井""",1388,36,20.0,140,2.0,40.0
338,40,茨城,586,24,"""大能""",1421,36,44.6,140,35.6,395.0
339,40,茨城,587,25,"""つくば（館野）""",47646,36,3.4,140,7.5,25.2
340,40,茨城,588,26,"""下館""",1530,36,16.9,139,59.3,24.0
341,40,茨城,589,27,"""高萩""",1635,36,42.4,140,43.0,4.0
342,40,茨城,590,28,"""常総""",1661,36,6.8,139,58.8,15.0
343,41,栃木,591,1,"""那須高原""",326,37,7.4,140,2.1,749.0
344,41,栃木,592,2,"""黒田原""",327,37,1.2,140,7.2,340.0
345,41,栃木,593,3,"""八方が原""",328,36,55.2,139,50.0,1087.0
346,41,栃木,594,4,"""黒磯""",329,36,58.9,140,1.1,343.0
347,41,栃木,595,5,"""八溝山""",330,36,56.2,140,15.5,800.0
348,41,栃木,596,6,"""大田原""",331,36,50.4,140,2.1,188.0
349,41,栃木,597,7,"""奥日光（日光）""",47690,36,44.3,139,30.0,1291.9
350,41,栃木,598,8,"""方塞山""",333,36,37.8,139,30.5,1385.0
351,41,栃木,599,9,"""高根沢""",334,36,36.4,139,59.9,148.0
352,41,栃木,600,10,"""鹿沼""",335,36,35.5,139,44.1,165.0
353,41,栃木,601,11,"""宇都宮""",47615,36,32.9,139,52.1,119.4
354,41,栃木,602,12,"""葛生""",337,36,25.9,139,35.4,120.0
355,41,栃木,603,13,"""真岡""",338,36,28.6,139,59.2,91.0
356,41,栃木,604,14,"""足利""",339,36,18.1,139,28.4,28.0
357,41,栃木,605,15,"""栃木""",340,36,22.4,139,42.2,65.0
358,41,栃木,606,16,"""小山""",341,36,20.3,139,49.8,44.0
359,41,栃木,607,17,"""五十里""",1015,36,55.3,139,41.7,620.0
360,41,栃木,608,18,"""足尾""",1016,36,38.8,139,26.9,650.0
361,41,栃木,609,19,"""烏山""",1017,36,39.0,140,8.8,162.0
362,41,栃木,610,20,"""佐野""",1018,36,21.8,139,34.2,68.0
363,41,栃木,611,21,"""土呂部""",1221,36,53.5,139,34.1,925.0
364,41,栃木,612,22,"""今市""",1333,36,43.6,139,40.6,414.0
365,41,栃木,613,23,"""塩谷""",1334,36,45.4,139,53.0,225.0
366,41,栃木,614,24,"""那須烏山""",1605,36,38.5,140,7.0,82.0
367,42,群馬,615,1,"""前武尊""",342,36,46.1,139,9.8,1530.0
368,42,群馬,616,2,"""草津""",343,36,37.0,138,35.5,1223.0
369,42,群馬,617,3,"""野反湖""",344,36,41.4,138,39.0,1570.0
370,42,群馬,618,4,"""雨見山""",345,36,41.2,138,51.8,825.0
371,42,群馬,619,5,"""沼田""",346,36,40.1,139,1.3,390.0
372,42,群馬,620,6,"""赤城山""",347,36,32.4,139,10.5,1660.0
373,42,群馬,621,7,"""田代""",348,36,27.8,138,27.8,1230.0
374,42,群馬,622,8,"""榛名山""",349,36,28.3,138,52.4,1088.0
375,42,群馬,623,9,"""前橋""",47624,36,24.3,139,3.6,112.1
376,42,群馬,624,10,"""桐生""",351,36,24.6,139,19.5,117.0
377,42,群馬,625,11,"""一の字山""",352,36,22.3,138,39.5,1170.0
378,42,群馬,626,12,"""上里見""",353,36,22.6,138,53.7,183.0
379,42,群馬,627,13,"""西野牧""",354,36,14.7,138,42.4,375.0
380,42,群馬,628,14,"""藤岡""",355,36,14.5,139,4.2,95.0
381,42,群馬,629,15,"""館林""",356,36,14.0,139,31.9,21.0
382,42,群馬,630,16,"""稲含山""",357,36,10.2,138,51.8,780.0
383,42,群馬,631,17,"""みなかみ""",1019,36,48.0,138,59.5,531.0
384,42,群馬,632,18,"""中之条""",1020,36,35.2,138,51.0,354.0
385,42,群馬,633,19,"""伊勢崎""",1021,36,19.9,139,9.9,64.0
386,42,群馬,634,20,"""片品""",1174,36,46.3,139,14.3,860.0
387,42,群馬,635,21,"""藤原""",1222,36,51.8,139,3.5,700.0
388,42,群馬,636,22,"""神流""",1223,36,6.5,138,53.8,357.0
389,42,群馬,637,23,"""黒保根""",1259,36,30.1,139,17.0,285.0
390,42,群馬,638,24,"""高手山""",1375,36,45.0,139,5.9,1115.0
391,43,埼玉,639,1,"""熊谷""",47626,36,9.0,139,22.8,30.0
392,43,埼玉,640,2,"""久喜""",359,36,5.2,139,38.1,12.0
393,43,埼玉,641,3,"""秩父""",47641,35,59.4,139,4.4,232.1
394,43,埼玉,642,4,"""堂平""",361,36,0.3,139,11.4,876.0
395,43,埼玉,643,5,"""飯能""",362,35,50.3,139,19.3,84.0
396,43,埼玉,644,6,"""さいたま""",363,35,52.5,139,35.2,8.0
397,43,埼玉,645,7,"""越谷""",364,35,53.0,139,45.4,3.0
398,43,埼玉,646,8,"""三峰""",1000,35,55.6,138,55.4,975.0
399,43,埼玉,647,9,"""寄居""",1009,36,6.3,139,11.0,128.0
400,43,埼玉,648,10,"""鴻巣""",1069,36,3.9,139,31.3,15.0
401,43,埼玉,649,11,"""所沢""",1070,35,46.4,139,24.8,119.0
402,43,埼玉,650,12,"""浦山""",1159,35,55.2,139,4.2,400.0
403,43,埼玉,651,13,"""上吉田""",1182,36,3.2,138,58.8,275.0
404,43,埼玉,652,14,"""鳩山""",1232,35,59.1,139,20.1,44.0
405,43,埼玉,653,15,"""ときがわ""",1497,35,59.4,139,12.4,295.0
406,44,東京,654,1,"""小河内""",365,35,47.5,139,3.0,530.0
407,44,東京,655,2,"""八王子""",366,35,40.0,139,19.0,123.0
408,44,東京,656,3,"""調布""",367,35,40.1,139,31.8,41.0
409,44,東京,657,4,"""世田谷""",368,35,37.6,139,37.2,35.0
410,44,東京,658,5,"""東京""",47662,35,41.5,139,45.0,25.2
411,44,東京,659,6,"""江戸川臨海""",370,35,38.3,139,51.8,5.0
412,44,東京,660,7,"""羽田""",371,35,33.2,139,46.8,6.0
413,44,東京,661,8,"""大島""",47675,34,44.9,139,21.7,74.0
414,44,東京,662,9,"""三宅島""",47677,34,7.4,139,31.2,37.9
415,44,東京,663,10,"""八丈島""",47678,33,7.3,139,46.7,151.2
416,44,東京,664,11,"""青梅""",1001,35,47.3,139,18.7,155.0
417,44,東京,665,12,"""練馬""",1002,35,44.3,139,35.5,51.0
418,44,東京,666,13,"""府中""",1133,35,41.0,139,29.0,59.0
419,44,東京,667,14,"""新島""",1134,34,22.4,139,15.1,9.0
420,44,東京,668,15,"""小沢""",1180,35,44.1,139,7.4,420.0
421,44,東京,669,16,"""父島""",47971,27,5.5,142,11.4,2.7
422,44,東京,670,17,"""大島北ノ山""",1467,34,46.9,139,21.6,38.0
423,44,東京,671,18,"""八重見ヶ原""",1468,33,6.9,139,47.1,92.0
424,44,東京,672,19,"""神津島""",1505,34,12.3,139,8.0,28.0
425,44,東京,673,20,"""三宅坪田""",1506,34,4.4,139,33.6,20.0
426,44,東京,674,21,"""三宅島阿古""",1509,34,4.8,139,28.9,30.0
427,44,東京,675,22,"""新島""",1522,34,22.1,139,16.1,29.0
428,44,東京,676,23,"""神津島""",1523,34,11.3,139,8.0,138.0
429,44,東京,677,24,"""三宅伊豆""",1525,34,7.2,139,30.2,50.0
430,44,東京,678,25,"""南鳥島""",47991,24,17.3,153,59.0,7.1
431,44,東京,679,26,"""母島""",1595,26,38.1,142,9.7,32.0
432,44,東京,680,27,"""大島臨時""",1642,34,44.9,139,21.7,90.0
433,44,東京,681,28,"""大島泉津""",1643,34,46.7,139,25.3,49.0
434,44,東京,682,29,"""大島差木地""",1644,34,41.0,139,24.8,41.0
435,44,東京,683,30,"""利島""",1646,34,31.7,139,16.9,100.0
436,44,東京,684,31,"""青ヶ島""",1648,32,28.0,139,45.6,272.0
437,45,千葉,685,1,"""香取""",375,35,51.5,140,30.1,37.0
438,45,千葉,686,2,"""我孫子""",376,35,51.8,140,6.6,20.0
439,45,千葉,687,3,"""東庄""",377,35,49.3,140,41.1,52.0
440,45,千葉,688,4,"""成田""",378,35,45.8,140,23.1,41.0
441,45,千葉,689,5,"""銚子""",47648,35,44.3,140,51.4,20.1
442,45,千葉,690,6,"""千葉""",47682,35,36.1,140,6.2,3.5
443,45,千葉,691,7,"""茂原""",381,35,25.0,140,18.6,9.0
444,45,千葉,692,8,"""木更津""",382,35,21.7,139,56.4,60.0
445,45,千葉,693,9,"""鋸南""",383,35,7.3,139,50.2,10.0
446,45,千葉,694,10,"""鴨川""",384,35,6.7,140,6.0,5.0
447,45,千葉,695,11,"""勝浦""",47674,35,9.0,140,18.7,11.9
448,45,千葉,696,12,"""館山""",47672,34,59.2,139,51.9,5.8
449,45,千葉,697,13,"""佐倉""",916,35,43.7,140,12.7,5.0
450,45,千葉,698,14,"""横芝光""",1003,35,39.4,140,28.8,6.0
451,45,千葉,699,15,"""大多喜""",1004,35,15.1,140,12.9,70.0
452,45,千葉,700,16,"""船橋""",1236,35,42.7,140,2.6,28.0
453,45,千葉,701,17,"""牛久""",1238,35,23.8,140,8.9,30.0
454,45,千葉,702,18,"""坂畑""",1241,35,14.1,140,5.9,120.0
455,46,神奈川,703,1,"""相模湖""",387,35,36.8,139,11.6,188.0
456,46,神奈川,704,2,"""海老名""",388,35,26.0,139,23.2,18.0
457,46,神奈川,705,3,"""横浜""",47670,35,26.3,139,39.1,39.1
458,46,神奈川,706,4,"""箱根""",390,35,13.3,139,2.5,855.0
459,46,神奈川,707,5,"""江ノ島""",391,35,17.9,139,28.8,60.0
460,46,神奈川,708,6,"""三浦""",392,35,10.7,139,37.8,42.0
461,46,神奈川,709,7,"""相模原中央""",1005,35,34.3,139,22.2,149.0
462,46,神奈川,710,8,"""日吉""",1006,35,33.1,139,39.0,57.0
463,46,神奈川,711,9,"""平塚""",1007,35,20.7,139,18.3,20.0
464,46,神奈川,712,10,"""小田原""",1008,35,16.6,139,9.3,14.0
465,46,神奈川,713,11,"""丹沢湖""",1096,35,24.6,139,2.6,330.0
466,46,神奈川,714,12,"""辻堂""",1443,35,19.2,139,27.0,5.0
467,48,長野,715,1,"""野沢温泉""",393,36,54.7,138,26.5,576.0
468,48,長野,716,2,"""信濃町""",394,36,48.5,138,11.8,685.0
469,48,長野,717,3,"""飯山""",395,36,52.5,138,22.5,313.0
470,48,長野,718,4,"""白馬""",396,36,41.9,137,51.7,703.0
471,48,長野,719,5,"""長野""",47610,36,39.7,138,11.5,418.2
472,48,長野,720,6,"""笠岳""",398,36,40.0,138,27.4,1490.0
473,48,長野,721,7,"""大町""",399,36,31.4,137,49.9,784.0
474,48,長野,722,8,"""信州新町""",400,36,32.9,137,59.8,509.0
475,48,長野,723,9,"""四阿屋山""",401,36,25.1,138,3.3,1387.0
476,48,長野,724,10,"""上田""",402,36,24.0,138,15.9,502.0
477,48,長野,725,11,"""燕岳""",403,36,23.3,137,44.3,1840.0
478,48,長野,726,12,"""穂高""",404,36,20.6,137,52.9,540.0
479,48,長野,727,13,"""軽井沢""",47622,36,20.5,138,32.8,999.1
480,48,長野,728,14,"""松本""",47618,36,14.8,137,58.2,610.0
481,48,長野,729,15,"""鹿教湯""",407,36,18.1,138,8.2,721.0
482,48,長野,730,16,"""佐久""",408,36,14.8,138,28.6,683.0
483,48,長野,731,17,"""高ボッチ""",409,36,9.0,138,2.6,1670.0
484,48,長野,732,18,"""茂来山""",410,36,6.5,138,32.0,1450.0
485,48,長野,733,19,"""諏訪""",47620,36,2.7,138,6.5,760.1
486,48,長野,734,20,"""八ケ岳""",412,36,1.6,138,18.7,1830.0
487,48,長野,735,21,"""木曽平沢""",413,35,59.0,137,50.1,900.0
488,48,長野,736,22,"""原村""",414,35,58.2,138,13.2,1017.0
489,48,長野,737,23,"""野辺山""",415,35,56.9,138,28.3,1350.0
490,48,長野,738,24,"""御嶽山""",416,35,52.3,137,30.2,2195.0
491,48,長野,739,25,"""木曽福島""",417,35,50.4,137,41.3,750.0
492,48,長野,740,26,"""高遠""",418,35,50.3,138,3.4,780.0
493,48,長野,741,27,"""入笠山""",419,35,53.4,138,9.3,1795.0
494,48,長野,742,28,"""宮田高原""",420,35,46.4,137,53.1,1660.0
495,48,長野,743,29,"""松峯""",421,35,44.4,138,7.1,1920.0
496,48,長野,744,30,"""須原""",422,35,41.9,137,41.5,535.0
497,48,長野,745,31,"""摺古木山""",423,35,35.6,137,44.0,1700.0
498,48,長野,746,32,"""飯島""",424,35,39.2,137,53.9,728.0
499,48,長野,747,33,"""笹山""",425,35,36.5,138,5.1,1732.0
500,48,長野,748,34,"""飯田""",47637,35,31.4,137,49.3,516.4
501,48,長野,749,35,"""恵那山""",427,35,25.7,137,37.2,1602.0
502,48,長野,750,36,"""鶯巣""",428,35,15.8,137,49.8,265.0
503,48,長野,751,37,"""菅平""",992,36,31.9,138,19.5,1253.0
504,48,長野,752,38,"""東御""",993,36,23.0,138,23.0,958.0
505,48,長野,753,39,"""上高地""",994,36,14.9,137,38.0,1510.0
506,48,長野,754,40,"""南木曽""",1022,35,36.6,137,37.2,560.0
507,48,長野,755,41,"""南小谷""",1090,36,48.0,137,54.3,467.0
508,48,長野,756,42,"""鬼無里""",1162,36,41.3,137,57.9,778.0
509,48,長野,757,43,"""立科""",1300,36,16.3,138,18.8,715.0
510,48,長野,758,44,"""奈川""",1312,36,5.3,137,41.0,1068.0
511,48,長野,759,45,"""開田高原""",1314,35,56.3,137,36.1,1130.0
512,48,長野,760,46,"""浪合""",1317,35,22.4,137,41.5,940.0
513,48,長野,761,47,"""辰野""",1319,35,58.9,137,59.0,729.0
514,48,長野,762,48,"""南信濃""",1323,35,19.3,137,55.9,407.0
515,48,長野,763,49,"""阿南""",1339,35,18.8,137,48.7,610.0
516,48,長野,764,50,"""聖高原""",1360,36,29.2,138,4.1,985.0
517,48,長野,765,51,"""網掛山""",1392,35,26.9,137,41.8,1120.0
518,48,長野,766,52,"""大鹿""",1394,35,33.4,138,2.4,718.0
519,48,長野,767,53,"""杉島""",1397,35,43.6,138,5.6,905.0
520,48,長野,768,54,"""十石峠""",1399,36,6.5,138,38.7,1370.0
521,48,長野,769,55,"""小谷""",1411,36,49.3,137,55.8,550.0
522,48,長野,770,56,"""伊那""",1445,35,49.5,137,57.3,633.0
523,48,長野,771,57,"""松本今井""",1529,36,10.0,137,55.3,658.0
524,48,長野,772,58,"""北相木""",1549,36,4.3,138,36.7,1185.0
525,48,長野,773,59,"""白樺湖""",1550,36,6.3,138,13.7,1440.0
526,48,長野,774,60,"""高遠""",1551,35,57.2,138,6.5,1075.0
527,48,長野,775,61,"""宮田""",1591,35,45.1,137,54.7,717.0
528,48,長野,776,62,"""王滝大又""",1659,35,49.6,137,33.1,1035.0
529,49,山梨,777,1,"""剣ノ峰""",429,35,49.7,138,38.4,1735.0
530,49,山梨,778,2,"""日向山""",430,35,47.9,138,17.2,1180.0
531,49,山梨,779,3,"""大菩薩""",431,35,44.1,138,50.2,1684.0
532,49,山梨,780,4,"""甲府""",47638,35,40.0,138,33.2,272.8
533,49,山梨,781,5,"""勝沼""",433,35,39.8,138,43.5,394.0
534,49,山梨,782,6,"""大月""",434,35,36.5,138,56.3,364.0
535,49,山梨,783,7,"""八町山""",435,35,32.6,138,24.7,930.0
536,49,山梨,784,8,"""古関""",436,35,31.7,138,36.9,552.0
537,49,山梨,785,9,"""河口湖""",47640,35,30.0,138,45.6,859.6
538,49,山梨,786,10,"""山中""",438,35,26.2,138,50.2,992.0
539,49,山梨,787,11,"""南部""",439,35,17.3,138,26.7,141.0
540,49,山梨,788,12,"""大泉""",1023,35,51.7,138,23.2,867.0
541,49,山梨,789,13,"""韮崎""",1024,35,41.6,138,26.9,341.0
542,49,山梨,790,14,"""上野原""",1165,35,37.2,139,6.3,187.0
543,49,山梨,791,15,"""切石""",1234,35,28.0,138,26.5,226.0
544,49,山梨,792,16,"""富士山""",47639,35,21.6,138,43.6,3775.1
545,49,山梨,793,17,"""乙女湖""",1599,35,48.4,138,39.3,1465.0
546,49,山梨,794,18,"""富士川""",1640,35,33.7,138,26.9,295.0
547,50,静岡,795,1,"""白糸""",440,35,18.7,138,34.7,530.0
548,50,静岡,796,2,"""御殿場""",441,35,18.3,138,55.6,472.0
549,50,静岡,797,3,"""富士""",442,35,11.1,138,39.8,66.0
550,50,静岡,798,4,"""三島""",47657,35,6.8,138,55.5,20.5
551,50,静岡,799,5,"""越木平""",444,35,0.6,137,58.8,552.0
552,50,静岡,800,6,"""川根本町""",445,35,6.1,138,7.7,290.0
553,50,静岡,801,7,"""大山""",446,35,3.1,138,16.9,880.0
554,50,静岡,802,8,"""網代""",47668,35,2.7,139,5.5,66.9
555,50,静岡,803,9,"""高根山""",448,34,58.5,138,11.8,415.0
556,50,静岡,804,10,"""静岡""",47656,34,58.5,138,24.2,14.1
557,50,静岡,805,11,"""霧山""",450,34,52.5,137,41.5,405.0
558,50,静岡,806,12,"""天竜""",451,34,53.4,137,48.8,61.0
559,50,静岡,807,13,"""島田""",452,34,50.4,138,8.6,80.0
560,50,静岡,808,14,"""湯ケ島""",453,34,54.0,138,55.5,165.0
561,50,静岡,809,15,"""天城山""",454,34,52.3,139,1.4,1066.0
562,50,静岡,810,16,"""浜松""",47654,34,45.2,137,42.7,45.9
563,50,静岡,811,17,"""松崎""",456,34,45.3,138,47.0,4.0
564,50,静岡,812,18,"""稲取""",457,34,46.9,139,2.9,130.0
565,50,静岡,813,19,"""御前崎""",47655,34,36.2,138,12.7,44.7
566,50,静岡,814,20,"""石廊崎""",47666,34,36.2,138,50.5,54.7
567,50,静岡,815,21,"""佐久間""",986,35,3.4,137,45.7,150.0
568,50,静岡,816,22,"""土肥""",987,34,52.6,138,45.7,92.0
569,50,静岡,817,23,"""三ヶ日""",988,34,48.1,137,33.4,2.0
570,50,静岡,818,24,"""掛川""",989,34,46.1,137,59.7,32.0
571,50,静岡,819,25,"""熊""",1105,34,57.5,137,44.0,375.0
572,50,静岡,820,26,"""三倉""",1106,34,57.6,137,56.6,121.0
573,50,静岡,821,27,"""梅ケ島""",1114,35,14.2,138,20.5,430.0
574,50,静岡,822,28,"""清水""",1243,35,3.2,138,31.3,3.0
575,50,静岡,823,29,"""磐田""",1244,34,41.5,137,52.8,3.0
576,50,静岡,824,30,"""菊川牧之原""",1335,34,47.1,138,8.3,191.0
577,50,静岡,825,31,"""井川""",1338,35,13.0,138,13.3,755.0
578,50,静岡,826,32,"""三倉""",1393,34,53.7,137,56.4,114.0
579,50,静岡,827,33,"""鍵穴""",1440,35,2.9,138,14.8,160.0
580,50,静岡,828,34,"""富士山""",47639,35,21.6,138,43.6,3775.1
581,50,静岡,829,35,"""静岡空港""",1601,34,47.7,138,11.3,132.0
582,50,静岡,830,36,"""春野""",1662,35,0.7,137,56.7,486.0
583,51,愛知,831,1,"""一宮""",460,35,17.9,136,51.2,11.0
584,51,愛知,832,2,"""豊山""",461,35,15.3,136,55.4,14.0
585,51,愛知,833,3,"""茶臼山""",462,35,13.2,137,39.6,1216.0
586,51,愛知,834,4,"""名古屋""",47636,35,10.0,136,57.9,51.1
587,51,愛知,835,5,"""豊田""",464,35,7.9,137,10.6,75.0
588,51,愛知,836,6,"""東海""",465,35,1.4,136,54.1,10.0
589,51,愛知,837,7,"""出来山""",466,35,5.7,137,25.0,946.0
590,51,愛知,838,8,"""岡崎""",467,34,55.1,137,11.6,47.0
591,51,愛知,839,9,"""作手""",468,34,58.6,137,25.5,532.0
592,51,愛知,840,10,"""一色""",469,34,48.7,137,1.7,12.0
593,51,愛知,841,11,"""豊橋""",470,34,45.0,137,20.5,3.0
594,51,愛知,842,12,"""伊良湖""",47653,34,37.7,137,5.6,6.2
595,51,愛知,843,13,"""田原""",472,34,37.6,137,13.3,45.0
596,51,愛知,844,14,"""稲武""",982,35,12.7,137,30.4,505.0
597,51,愛知,845,15,"""蟹江""",983,35,8.2,136,47.5,2.0
598,51,愛知,846,16,"""南知多""",984,34,44.4,136,56.3,16.0
599,51,愛知,847,17,"""小原""",1166,35,13.7,137,17.1,290.0
600,51,愛知,848,18,"""鳳来""",1341,34,55.9,137,34.5,81.0
601,51,愛知,849,19,"""蒲郡""",1344,34,50.7,137,13.0,55.0
602,51,愛知,850,20,"""愛西""",1346,35,13.0,136,41.9,5.0
603,51,愛知,851,21,"""新城""",1541,34,54.4,137,31.1,53.0
604,51,愛知,852,22,"""セントレア""",1555,34,51.5,136,48.3,4.0
605,51,愛知,853,23,"""阿蔵""",1576,35,4.7,137,24.8,613.0
606,51,愛知,854,24,"""大府""",1638,34,59.7,136,56.6,32.0
607,52,岐阜,855,1,"""神岡""",473,36,19.3,137,18.5,455.0
608,52,岐阜,856,2,"""流葉山""",474,36,19.6,137,14.9,1280.0
609,52,岐阜,857,3,"""森茂""",475,36,10.5,137,1.5,1262.0
610,52,岐阜,858,4,"""高山""",47617,36,9.3,137,15.2,560.0
611,52,岐阜,859,5,"""乗鞍岳""",477,36,7.3,137,33.4,2730.0
612,52,岐阜,860,6,"""大日岳""",478,36,1.3,136,51.2,1280.0
613,52,岐阜,861,7,"""新渕山""",479,36,1.9,136,58.5,1145.0
614,52,岐阜,862,8,"""船山""",480,36,2.1,137,15.6,880.0
615,52,岐阜,863,9,"""白尾山""",481,35,54.2,136,56.9,1272.0
616,52,岐阜,864,10,"""白鳥""",482,35,52.1,136,51.8,372.0
617,52,岐阜,865,11,"""萩原""",483,35,53.3,137,12.4,425.0
618,52,岐阜,866,12,"""蕪山""",484,35,44.1,136,47.9,1069.0
619,52,岐阜,867,13,"""八幡""",485,35,45.4,136,58.7,250.0
620,52,岐阜,868,14,"""樽見""",486,35,38.3,136,36.1,190.0
621,52,岐阜,869,15,"""金山""",487,35,39.7,137,9.6,233.0
622,52,岐阜,870,16,"""三界山""",488,35,39.0,137,31.0,1117.0
623,52,岐阜,871,17,"""権現山""",489,35,34.9,136,30.1,750.0
624,52,岐阜,872,18,"""伽藍""",490,35,30.9,137,13.8,650.0
625,52,岐阜,873,19,"""美濃加茂""",491,35,26.7,137,0.3,74.0
626,52,岐阜,874,20,"""柄石峠""",492,35,24.2,137,12.4,365.0
627,52,岐阜,875,21,"""恵那""",493,35,26.8,137,24.2,315.0
628,52,岐阜,876,22,"""中津川""",494,35,28.6,137,29.2,378.0
629,52,岐阜,877,23,"""関ケ原""",495,35,21.8,136,28.0,130.0
630,52,岐阜,878,24,"""大垣""",496,35,20.8,136,37.2,6.0
631,52,岐阜,879,25,"""岐阜""",47632,35,24.0,136,45.7,12.7
632,52,岐阜,880,26,"""三森山""",498,35,22.6,137,31.6,1130.0
633,52,岐阜,881,27,"""美濃""",1057,35,33.3,136,54.6,68.0
634,52,岐阜,882,28,"""多治見""",1058,35,20.8,137,6.5,120.0
635,52,岐阜,883,29,"""上石津""",1059,35,14.8,136,27.5,193.0
636,52,岐阜,884,30,"""栃尾""",1061,36,14.9,137,30.2,765.0
637,52,岐阜,885,31,"""宮地""",1066,35,45.8,137,17.3,450.0
638,52,岐阜,886,32,"""平井""",1153,35,34.0,136,43.7,325.0
639,52,岐阜,887,33,"""長滝""",1299,35,55.4,136,49.9,430.0
640,52,岐阜,888,34,"""揖斐川""",1301,35,29.1,136,34.0,45.0
641,52,岐阜,889,35,"""六厩""",1305,36,3.6,137,2.1,1015.0
642,52,岐阜,890,36,"""白川""",1306,36,16.4,136,53.8,478.0
643,52,岐阜,891,37,"""河合""",1308,36,18.3,137,6.0,471.0
644,52,岐阜,892,38,"""宮之前""",1311,36,0.9,137,23.3,930.0
645,52,岐阜,893,39,"""黒川""",1313,35,35.9,137,19.1,517.0
646,52,岐阜,894,40,"""大日""",1363,36,1.1,136,52.9,1178.0
647,52,岐阜,895,41,"""付知""",1384,35,39.7,137,25.6,461.0
648,52,岐阜,896,42,"""御母衣""",1387,36,8.8,136,54.5,640.0
649,52,岐阜,897,43,"""小津""",1390,35,33.7,136,32.4,573.0
650,52,岐阜,898,44,"""十二岳""",1396,36,11.3,137,22.1,1010.0
651,52,岐阜,899,45,"""ひるがの""",1436,36,0.6,136,53.6,885.0
652,52,岐阜,900,46,"""清見""",1437,36,10.8,137,2.7,740.0
653,52,岐阜,901,47,"""丹生川""",1438,36,11.2,137,22.3,910.0
654,52,岐阜,902,48,"""関市板取""",1577,35,43.4,136,47.0,351.0
655,53,三重,903,1,"""北勢""",499,35,8.6,136,32.3,125.0
656,53,三重,904,2,"""桑名""",500,35,3.0,136,41.6,3.0
657,53,三重,905,3,"""雲母峰""",501,34,59.9,136,27.5,590.0
658,53,三重,906,4,"""四日市""",47684,34,56.4,136,34.8,55.1
659,53,三重,907,5,"""亀山""",503,34,52.2,136,27.2,70.0
660,53,三重,908,6,"""上野""",47649,34,45.7,136,8.5,159.2
661,53,三重,909,7,"""笠取山""",505,34,43.5,136,18.5,810.0
662,53,三重,910,8,"""津""",47651,34,44.0,136,31.1,2.7
663,53,三重,911,9,"""名張""",507,34,37.6,136,6.5,226.0
664,53,三重,912,10,"""国見山""",508,34,33.9,136,9.4,680.0
665,53,三重,913,11,"""小俣""",509,34,31.7,136,39.9,10.0
666,53,三重,914,12,"""粥見""",510,34,26.9,136,23.4,120.0
667,53,三重,915,13,"""藤坂峠""",511,34,19.4,136,29.3,560.0
668,53,三重,916,14,"""尾鷲""",47663,34,4.1,136,11.6,15.3
669,53,三重,917,15,"""八幡峠""",513,34,3.6,136,6.6,800.0
670,53,三重,918,16,"""熊野""",514,33,53.5,136,5.6,40.0
671,53,三重,919,17,"""大台""",918,34,23.5,136,24.5,80.0
672,53,三重,920,18,"""松阪""",990,34,33.6,136,32.2,6.0
673,53,三重,921,19,"""磯部""",991,34,22.4,136,48.3,3.0
674,53,三重,922,20,"""鳥羽""",1230,34,28.9,136,49.5,2.0
675,53,三重,923,21,"""宮川""",1255,34,16.7,136,12.5,205.0
676,53,三重,924,22,"""南伊勢""",1258,34,20.7,136,40.9,6.0
677,53,三重,925,23,"""紀伊長島""",1349,34,12.5,136,19.6,3.0
678,53,三重,926,24,"""白山""",1356,34,37.5,136,19.3,60.0
679,53,三重,927,25,"""阿児""",1381,34,18.5,136,52.4,31.0
680,53,三重,928,26,"""御浜""",1423,33,51.1,135,58.8,130.0
681,53,三重,929,27,"""熊野新鹿""",1532,33,55.9,136,8.3,23.0
682,54,新潟,930,1,"""村上""",515,38,13.6,139,28.7,10.0
683,54,新潟,931,2,"""鷲ケ巣山""",516,38,13.7,139,38.3,695.0
684,54,新潟,932,3,"""相川""",47602,38,1.7,138,14.4,5.5
685,54,新潟,933,4,"""両津""",518,38,4.4,138,26.4,2.0
686,54,新潟,934,5,"""新潟""",47604,37,53.6,139,1.1,4.1
687,54,新潟,935,6,"""二王子岳""",520,37,54.4,139,27.1,382.0
688,54,新潟,936,7,"""新津""",521,37,47.5,139,5.2,3.0
689,54,新潟,937,8,"""巻""",522,37,46.1,138,54.8,2.0
690,54,新潟,938,9,"""宝珠山""",523,37,46.7,139,17.3,200.0
691,54,新潟,939,10,"""寺泊""",524,37,38.4,138,46.0,44.0
692,54,新潟,940,11,"""三条""",525,37,38.4,138,57.3,9.0
693,54,新潟,941,12,"""村松""",526,37,41.8,139,11.3,25.0
694,54,新潟,942,13,"""津川""",527,37,40.3,139,26.8,100.0
695,54,新潟,943,14,"""粟ヶ岳""",528,37,34.8,139,8.1,242.0
696,54,新潟,944,15,"""長岡""",529,37,27.0,138,49.4,23.0
697,54,新潟,945,16,"""栃尾""",530,37,28.5,138,59.5,83.0
698,54,新潟,946,17,"""守門岳""",531,37,24.3,139,5.4,737.0
699,54,新潟,947,18,"""柏崎""",532,37,21.1,138,33.2,7.0
700,54,新潟,948,19,"""桜坂峠""",533,37,12.7,138,31.6,470.0
701,54,新潟,949,20,"""小出""",534,37,13.6,138,57.8,98.0
702,54,新潟,950,21,"""高田""",47612,37,6.4,138,14.8,12.9
703,54,新潟,951,22,"""安塚""",536,37,6.4,138,27.4,126.0
704,54,新潟,952,23,"""十日町""",537,37,8.6,138,43.6,170.0
705,54,新潟,953,24,"""枝折峠""",538,37,9.3,139,7.8,1060.0
706,54,新潟,954,25,"""糸魚川""",539,37,2.6,137,52.5,8.0
707,54,新潟,955,26,"""能生""",540,37,5.0,138,1.4,55.0
708,54,新潟,956,27,"""光ケ原""",541,37,0.3,138,22.3,805.0
709,54,新潟,957,28,"""大沢峠""",542,37,2.3,138,47.2,673.0
710,54,新潟,958,29,"""津南""",543,36,59.8,138,41.0,452.0
711,54,新潟,959,30,"""湯沢""",544,36,56.5,138,48.6,340.0
712,54,新潟,960,31,"""袴岳""",545,36,52.2,138,16.6,850.0
713,54,新潟,961,32,"""粟島""",995,38,27.9,139,15.2,4.0
714,54,新潟,962,33,"""羽茂""",996,37,50.5,138,18.8,11.0
715,54,新潟,963,34,"""守門""",997,37,20.8,139,2.6,222.0
716,54,新潟,964,35,"""関山""",998,36,56.0,138,13.3,350.0
717,54,新潟,965,36,"""下関""",1060,38,5.5,139,33.8,33.0
718,54,新潟,966,37,"""鍵取""",1102,37,34.2,139,23.0,150.0
719,54,新潟,967,38,"""赤谷""",1111,37,50.1,139,24.9,135.0
720,54,新潟,968,39,"""小国""",1154,37,17.5,138,42.1,83.0
721,54,新潟,969,40,"""松代""",1155,37,7.9,138,36.4,210.0
722,54,新潟,970,41,"""高根""",1256,38,19.8,139,36.2,85.0
723,54,新潟,971,42,"""平岩""",1297,36,53.2,137,51.8,260.0
724,54,新潟,972,43,"""大潟""",1302,37,13.5,138,19.5,13.0
725,54,新潟,973,44,"""弾崎""",1315,38,19.8,138,30.7,58.0
726,54,新潟,974,45,"""中条""",1318,38,3.6,139,24.5,27.0
727,54,新潟,975,46,"""三面""",1369,38,14.8,139,36.3,45.0
728,54,新潟,976,47,"""大湯""",1370,37,12.3,139,3.7,240.0
729,54,新潟,977,48,"""塩沢""",1395,37,2.3,138,50.8,195.0
730,54,新潟,978,49,"""宮寄上""",1398,37,34.8,139,8.4,125.0
731,54,新潟,979,50,"""樽本""",1424,36,53.4,138,16.5,625.0
732,54,新潟,980,51,"""川谷""",1426,37,12.0,138,31.0,206.0
733,54,新潟,981,52,"""筒方""",1427,37,1.8,138,20.6,255.0
734,54,新潟,982,53,"""室谷""",1444,37,33.0,139,22.2,200.0
735,54,新潟,983,54,"""松浜""",1469,37,57.3,139,6.7,1.0
736,54,新潟,984,55,"""秋津""",1514,38,3.6,138,24.8,30.0
737,54,新潟,985,56,"""瓢湖""",1645,37,50.0,139,14.2,9.0
738,55,富山,986,1,"""泊""",546,36,57.1,137,33.1,13.0
739,55,富山,987,2,"""魚津""",547,36,49.3,137,25.7,48.0
740,55,富山,988,3,"""宇奈月""",548,36,50.8,137,33.5,160.0
741,55,富山,989,4,"""嘉例沢""",549,36,49.5,137,32.2,420.0
742,55,富山,990,5,"""伏木""",47606,36,47.5,137,3.3,11.6
743,55,富山,991,6,"""富山""",47607,36,42.5,137,12.1,8.6
744,55,富山,992,7,"""砺波""",552,36,36.6,136,57.3,69.0
745,55,富山,993,8,"""上市""",553,36,40.2,137,25.4,296.0
746,55,富山,994,9,"""南砺高宮""",554,36,32.7,136,52.3,91.0
747,55,富山,995,10,"""八尾""",555,36,34.7,137,7.9,78.0
748,55,富山,996,11,"""小谷""",556,36,34.2,137,18.0,340.0
749,55,富山,997,12,"""立山""",557,36,34.9,137,34.7,2291.0
750,55,富山,998,13,"""細尾峠""",558,36,26.7,136,53.8,740.0
751,55,富山,999,14,"""谷折""",559,36,29.3,137,6.0,700.0
752,55,富山,1000,15,"""氷見""",1309,36,51.8,136,57.6,7.0
753,55,富山,1001,16,"""宇奈月""",1412,36,50.8,137,33.4,160.0
754,55,富山,1002,17,"""平""",1413,36,26.0,136,57.0,282.0
755,55,富山,1003,18,"""大山""",1414,36,36.5,137,17.0,128.0
756,55,富山,1004,19,"""細入""",1415,36,29.7,137,14.4,185.0
757,55,富山,1005,20,"""猪谷""",1455,36,28.4,137,14.2,215.0
758,55,富山,1006,21,"""秋ヶ島""",1533,36,38.9,137,11.2,24.0
759,55,富山,1007,22,"""五箇山""",1553,36,25.8,136,56.5,357.0
760,55,富山,1008,23,"""立山芦峅""",1621,36,34.6,137,23.1,379.0
761,56,石川,1009,1,"""珠洲""",560,37,26.8,137,17.2,4.0
762,56,石川,1010,2,"""輪島""",47600,37,23.4,136,53.7,5.2
763,56,石川,1011,3,"""門前""",562,37,15.7,136,43.7,11.0
764,56,石川,1012,4,"""木原岳""",563,37,17.3,136,57.0,270.0
765,56,石川,1013,5,"""志賀""",564,37,8.6,136,43.5,6.0
766,56,石川,1014,6,"""七尾""",565,37,1.8,136,59.5,58.0
767,56,石川,1015,7,"""羽咋""",566,36,53.6,136,46.6,15.0
768,56,石川,1016,8,"""かほく""",567,36,42.7,136,41.5,42.0
769,56,石川,1017,9,"""宝達山""",568,36,46.8,136,48.4,626.0
770,56,石川,1018,10,"""金沢""",47605,36,35.3,136,38.0,5.7
771,56,石川,1019,11,"""医王山""",570,36,31.2,136,44.7,420.0
772,56,石川,1020,12,"""加賀菅谷""",571,36,13.8,136,21.7,83.0
773,56,石川,1021,13,"""白山河内""",973,36,23.8,136,37.2,136.0
774,56,石川,1022,14,"""白山白峰""",1171,36,10.8,136,37.5,470.0
775,56,石川,1023,15,"""小松""",1324,36,22.9,136,26.1,3.0
776,56,石川,1024,16,"""穴水""",1486,37,16.3,136,55.0,170.0
777,56,石川,1025,17,"""三井""",1544,37,17.6,136,57.7,219.0
778,56,石川,1026,18,"""宝達志水""",1545,36,47.3,136,46.1,90.0
779,56,石川,1027,19,"""舳倉島""",1650,37,51.0,136,55.1,8.0
780,57,福井,1028,1,"""福井""",47616,36,3.3,136,13.3,8.8
781,57,福井,1029,2,"""大野""",573,35,58.3,136,29.8,182.0
782,57,福井,1030,3,"""タイラ山""",574,35,59.2,136,36.4,510.0
783,57,福井,1031,4,"""春日野""",575,35,51.5,136,8.0,270.0
784,57,福井,1032,5,"""板垣""",576,35,52.4,136,18.5,620.0
785,57,福井,1033,6,"""今庄""",577,35,46.0,136,12.0,128.0
786,57,福井,1034,7,"""敦賀""",47631,35,39.2,136,3.7,1.6
787,57,福井,1035,8,"""小浜""",579,35,29.0,135,46.9,10.0
788,57,福井,1036,9,"""美山""",974,35,59.9,136,21.5,70.0
789,57,福井,1037,10,"""川上""",975,35,26.4,135,31.4,75.0
790,57,福井,1038,11,"""美浜""",1010,35,36.0,135,55.0,10.0
791,57,福井,1039,12,"""三国""",1071,36,14.6,136,10.4,34.0
792,57,福井,1040,13,"""勝山""",1226,36,2.3,136,31.3,196.0
793,57,福井,1041,14,"""越廼""",1316,36,0.7,135,59.4,30.0
794,57,福井,1042,15,"""九頭竜""",1382,35,54.5,136,40.1,436.0
795,57,福井,1043,16,"""大飯""",1454,35,28.8,135,37.0,3.0
796,57,福井,1044,17,"""春江""",1537,36,8.5,136,13.4,5.0
797,57,福井,1045,18,"""武生""",1565,35,54.3,136,10.4,32.0
798,60,滋賀,1046,1,"""今津""",580,35,24.7,136,1.7,88.0
799,60,滋賀,1047,2,"""荒川""",581,35,22.4,135,55.6,360.0
800,60,滋賀,1048,3,"""春照""",582,35,22.8,136,22.4,160.0
801,60,滋賀,1049,4,"""彦根""",47761,35,16.5,136,14.6,87.3
802,60,滋賀,1050,5,"""近江八幡""",584,35,7.6,136,5.5,90.0
803,60,滋賀,1051,6,"""君ケ畑台地""",585,35,11.9,136,20.4,402.0
804,60,滋賀,1052,7,"""大津""",586,34,59.5,135,54.7,86.0
805,60,滋賀,1053,8,"""土山""",587,34,56.3,136,16.7,248.0
806,60,滋賀,1054,9,"""東近江""",963,35,3.7,136,11.4,128.0
807,60,滋賀,1055,10,"""信楽""",964,34,54.8,136,4.8,265.0
808,60,滋賀,1056,11,"""長浜""",976,35,25.4,136,14.5,95.0
809,60,滋賀,1057,12,"""南小松""",1083,35,14.1,135,57.4,90.0
810,60,滋賀,1058,13,"""柳ケ瀬""",1087,35,34.9,136,11.3,220.0
811,60,滋賀,1059,14,"""霜ケ原""",1361,35,11.9,136,20.3,420.0
812,60,滋賀,1060,15,"""米原""",1524,35,23.0,136,20.6,147.0
813,60,滋賀,1061,16,"""朽木平良""",1578,35,18.5,135,49.8,380.0
814,60,滋賀,1062,17,"""伊吹山""",47751,35,25.1,136,24.8,1375.8
815,61,京都,1063,1,"""峰山""",588,35,37.1,135,4.3,23.0
816,61,京都,1064,2,"""宮津""",589,35,33.0,135,14.1,2.0
817,61,京都,1065,3,"""舞鶴""",47750,35,27.0,135,19.0,2.4
818,61,京都,1066,4,"""仏坂""",591,35,22.6,135,2.1,410.0
819,61,京都,1067,5,"""浅原山""",592,35,20.0,135,23.3,380.0
820,61,京都,1068,6,"""福知山""",593,35,18.7,135,6.8,17.0
821,61,京都,1069,7,"""胡麻""",594,35,12.6,135,27.7,260.0
822,61,京都,1070,8,"""妙高山""",595,35,10.1,135,10.2,440.0
823,61,京都,1071,9,"""園部""",596,35,6.5,135,27.3,134.0
824,61,京都,1072,10,"""京都""",47759,35,0.8,135,43.9,40.8
825,61,京都,1073,11,"""京田辺""",598,34,49.8,135,45.6,20.0
826,61,京都,1074,12,"""鷲峰山""",599,34,49.7,135,54.3,607.0
827,61,京都,1075,13,"""花背峠""",920,35,9.4,135,47.3,710.0
828,61,京都,1076,14,"""知井""",927,35,19.3,135,38.8,250.0
829,61,京都,1077,15,"""京北""",928,35,10.9,135,39.7,260.0
830,61,京都,1078,16,"""間人""",965,35,44.2,135,5.2,42.0
831,61,京都,1079,17,"""本庄""",966,35,15.6,135,23.7,95.0
832,61,京都,1080,18,"""長岡京""",1025,34,55.8,135,40.7,71.0
833,61,京都,1081,19,"""睦寄""",1160,35,22.9,135,27.2,175.0
834,61,京都,1082,20,"""美山""",1303,35,16.5,135,33.0,200.0
835,61,京都,1083,21,"""須知""",1378,35,10.6,135,25.2,150.0
836,61,京都,1084,22,"""三岳""",1379,35,22.0,135,3.0,118.0
837,61,京都,1085,23,"""綾部""",1380,35,17.6,135,15.5,51.0
838,61,京都,1086,24,"""三和""",1383,35,13.0,135,13.9,105.0
839,61,京都,1087,25,"""坂浦""",1641,35,25.1,135,5.2,223.0
840,62,大阪,1088,1,"""能勢""",600,34,56.9,135,27.3,235.0
841,62,大阪,1089,2,"""箕面""",601,34,50.3,135,30.2,96.0
842,62,大阪,1090,3,"""豊中""",602,34,47.0,135,26.3,12.0
843,62,大阪,1091,4,"""大阪""",47772,34,40.9,135,31.1,23.0
844,62,大阪,1092,5,"""生駒山""",604,34,40.5,135,40.6,626.0
845,62,大阪,1093,6,"""河内長野""",605,34,25.4,135,32.6,160.0
846,62,大阪,1094,7,"""熊取""",606,34,23.1,135,21.0,68.0
847,62,大阪,1095,8,"""堺""",1062,34,33.3,135,29.1,20.0
848,62,大阪,1096,9,"""枚方""",1065,34,48.5,135,40.3,26.0
849,62,大阪,1097,10,"""八尾""",1470,34,35.8,135,36.0,10.0
850,62,大阪,1098,11,"""関空島""",1471,34,26.0,135,13.9,5.0
851,62,大阪,1099,12,"""茨木""",1602,34,51.6,135,33.6,78.0
852,63,兵庫,1100,1,"""香住""",607,35,37.5,134,37.6,5.0
853,63,兵庫,1101,2,"""温泉""",608,35,31.7,134,28.8,233.0
854,63,兵庫,1102,3,"""三川山""",609,35,32.7,134,38.2,875.0
855,63,兵庫,1103,4,"""豊岡""",47747,35,32.1,134,49.3,3.4
856,63,兵庫,1104,5,"""八鹿""",611,35,23.9,134,44.4,183.0
857,63,兵庫,1105,6,"""和田山""",612,35,19.4,134,50.9,80.0
858,63,兵庫,1106,7,"""生野""",613,35,10.0,134,47.5,320.0
859,63,兵庫,1107,8,"""柏原""",614,35,8.2,135,3.9,98.0
860,63,兵庫,1108,9,"""一宮""",615,35,5.8,134,35.1,195.0
861,63,兵庫,1109,10,"""笠形山""",616,35,3.2,134,50.2,580.0
862,63,兵庫,1110,11,"""佐用""",617,35,1.0,134,22.1,120.0
863,63,兵庫,1111,12,"""後川""",618,35,1.5,135,17.6,330.0
864,63,兵庫,1112,13,"""上郡""",619,34,51.5,134,22.4,20.0
865,63,兵庫,1113,14,"""的場山""",620,34,52.3,134,31.6,260.0
866,63,兵庫,1114,15,"""姫路""",47769,34,50.3,134,40.2,38.2
867,63,兵庫,1115,16,"""名塩""",622,34,49.8,135,17.6,168.0
868,63,兵庫,1116,17,"""六甲山""",623,34,45.8,135,16.2,620.0
869,63,兵庫,1117,18,"""家島""",624,34,40.3,134,31.6,88.0
870,63,兵庫,1118,19,"""明石""",625,34,41.2,134,52.6,3.0
871,63,兵庫,1119,20,"""神戸""",47770,34,41.8,135,12.7,5.3
872,63,兵庫,1120,21,"""洲本""",47776,34,20.3,134,54.3,109.3
873,63,兵庫,1121,22,"""福良""",628,34,15.6,134,42.5,35.0
874,63,兵庫,1122,23,"""西脇""",956,34,59.9,134,59.8,72.0
875,63,兵庫,1123,24,"""大屋""",967,35,19.9,134,39.9,150.0
876,63,兵庫,1124,25,"""福崎""",968,34,57.0,134,44.9,72.0
877,63,兵庫,1125,26,"""三田""",969,34,53.7,135,12.7,150.0
878,63,兵庫,1126,27,"""郡家""",970,34,28.0,134,50.9,5.0
879,63,兵庫,1127,28,"""兎和野高原""",977,35,25.9,134,35.0,540.0
880,63,兵庫,1128,29,"""三木""",1227,34,46.6,135,0.8,145.0
881,63,兵庫,1129,30,"""南淡""",1337,34,13.1,134,43.2,5.0
882,63,兵庫,1130,31,"""淡路町""",1448,34,35.3,135,1.0,3.0
883,63,兵庫,1131,32,"""芦屋""",1449,34,44.5,135,18.4,50.0
884,63,兵庫,1132,33,"""神戸塩屋""",1450,34,38.5,135,4.5,60.0
885,63,兵庫,1133,34,"""神戸空港""",1587,34,37.9,135,13.4,5.0
886,63,兵庫,1134,35,"""西宮""",1588,34,45.0,135,20.1,38.0
887,64,奈良,1135,1,"""奈良""",47780,34,41.6,135,49.6,104.4
888,64,奈良,1136,2,"""針""",630,34,36.3,135,57.1,468.0
889,64,奈良,1137,3,"""田原本""",631,34,33.3,135,47.1,50.0
890,64,奈良,1138,4,"""曽爾""",632,34,31.3,136,9.5,610.0
891,64,奈良,1139,5,"""大宇陀""",633,34,29.3,135,55.9,349.0
892,64,奈良,1140,6,"""高見山""",634,34,25.6,136,5.1,1190.0
893,64,奈良,1141,7,"""五條""",635,34,22.8,135,43.8,190.0
894,64,奈良,1142,8,"""天辻""",636,34,13.6,135,43.7,897.0
895,64,奈良,1143,9,"""山上ケ岳""",637,34,15.9,135,55.9,1485.0
896,64,奈良,1144,10,"""荒神岳""",638,34,9.4,135,39.4,1242.0
897,64,奈良,1145,11,"""日出岳""",639,34,11.1,136,6.5,1695.0
898,64,奈良,1146,12,"""上野地""",640,34,5.8,135,46.3,140.0
899,64,奈良,1147,13,"""玉置山""",641,33,55.6,135,49.8,1077.0
900,64,奈良,1148,14,"""上北山""",957,34,8.2,136,0.3,334.0
901,64,奈良,1149,15,"""風屋""",1228,34,2.7,135,47.2,301.0
902,64,奈良,1150,16,"""高見""",1366,34,25.4,136,4.3,830.0
903,64,奈良,1151,17,"""葛城""",1376,34,29.3,135,42.2,141.0
904,64,奈良,1152,18,"""壷坂""",1377,34,25.4,135,48.6,360.0
905,64,奈良,1153,19,"""吉野""",1439,34,22.7,135,54.0,188.0
906,64,奈良,1154,20,"""天川""",1619,34,16.2,135,53.0,840.0
907,64,奈良,1155,21,"""下北山""",1649,34,0.2,135,58.0,249.0
908,65,和歌山,1156,1,"""葛城山""",642,34,20.8,135,26.2,840.0
909,65,和歌山,1157,2,"""和歌山""",47777,34,13.7,135,9.8,13.9
910,65,和歌山,1158,3,"""岩出""",644,34,15.5,135,19.2,25.0
911,65,和歌山,1159,4,"""高野山""",645,34,13.3,135,35.4,795.0
912,65,和歌山,1160,5,"""護摩壇山""",646,34,2.4,135,34.0,1130.0
913,65,和歌山,1161,6,"""御坊""",647,33,53.8,135,9.5,4.0
914,65,和歌山,1162,7,"""虎ケ峰峠""",648,33,51.2,135,27.3,607.0
915,65,和歌山,1163,8,"""新宮""",649,33,41.2,135,58.2,18.0
916,65,和歌山,1164,9,"""白浜""",650,33,40.7,135,20.8,32.0
917,65,和歌山,1165,10,"""日置川""",651,33,36.3,135,28.8,17.0
918,65,和歌山,1166,11,"""潮岬""",47778,33,27.0,135,45.4,67.5
919,65,和歌山,1167,12,"""栗栖川""",971,33,47.5,135,30.8,160.0
920,65,和歌山,1168,13,"""湯浅""",978,34,2.1,135,10.9,8.0
921,65,和歌山,1169,14,"""清水""",1063,34,5.2,135,25.5,240.0
922,65,和歌山,1170,15,"""本宮""",1074,33,50.2,135,46.4,60.0
923,65,和歌山,1171,16,"""龍神""",1089,33,56.7,135,33.4,410.0
924,65,和歌山,1172,17,"""色川""",1172,33,40.5,135,50.9,275.0
925,65,和歌山,1173,18,"""かつらぎ""",1342,34,18.6,135,31.7,142.0
926,65,和歌山,1174,19,"""西川""",1347,33,38.3,135,42.6,150.0
927,65,和歌山,1175,20,"""友ケ島""",1457,34,16.8,135,0.0,43.0
928,65,和歌山,1176,21,"""川辺""",1485,33,53.6,135,13.0,84.0
929,65,和歌山,1177,22,"""南紀白浜""",1589,33,39.7,135,21.8,89.0
930,66,岡山,1178,1,"""大空山""",653,35,11.8,133,49.2,1040.0
931,66,岡山,1179,2,"""那岐山""",654,35,9.5,134,10.8,960.0
932,66,岡山,1180,3,"""今岡""",655,35,5.9,134,19.5,207.0
933,66,岡山,1181,4,"""久世""",656,35,4.1,133,45.2,144.0
934,66,岡山,1182,5,"""津山""",47756,35,3.8,134,0.5,145.7
935,66,岡山,1183,6,"""新見""",658,34,56.6,133,31.1,393.0
936,66,岡山,1184,7,"""天子山""",659,34,59.3,133,52.7,646.0
937,66,岡山,1185,8,"""赤磐""",660,34,55.1,134,4.9,56.0
938,66,岡山,1186,9,"""陣山""",661,34,49.7,133,31.4,529.0
939,66,岡山,1187,10,"""大平山""",662,34,53.7,133,42.3,685.0
940,66,岡山,1188,11,"""福渡""",663,34,52.0,133,54.2,63.0
941,66,岡山,1189,12,"""和気""",664,34,48.9,134,11.0,35.0
942,66,岡山,1190,13,"""佐屋""",665,34,41.1,133,26.7,390.0
943,66,岡山,1191,14,"""矢掛""",666,34,37.0,133,37.1,18.0
944,66,岡山,1192,15,"""岡山""",47768,34,41.2,133,55.5,5.3
945,66,岡山,1193,16,"""虫明""",668,34,40.9,134,12.4,10.0
946,66,岡山,1194,17,"""倉敷""",669,34,35.4,133,46.1,3.0
947,66,岡山,1195,18,"""玉野""",670,34,29.2,133,57.0,2.0
948,66,岡山,1196,19,"""笠岡""",919,34,30.1,133,29.7,0.0
949,66,岡山,1197,20,"""下呰部""",929,34,57.9,133,37.7,180.0
950,66,岡山,1198,21,"""高梁""",930,34,47.5,133,36.6,60.0
951,66,岡山,1199,22,"""奈義""",1140,35,6.7,134,10.2,212.0
952,66,岡山,1200,23,"""上長田""",1328,35,17.8,133,43.5,430.0
953,66,岡山,1201,24,"""千屋""",1330,35,6.2,133,26.1,525.0
954,66,岡山,1202,25,"""恩原""",1371,35,18.0,133,59.2,734.0
955,66,岡山,1203,26,"""日応寺""",1531,34,45.4,133,51.3,239.0
956,66,岡山,1204,27,"""富""",1584,35,10.7,133,48.3,480.0
957,66,岡山,1205,28,"""吉備中央""",1585,34,49.0,133,42.3,340.0
958,66,岡山,1206,29,"""旭西""",1618,34,57.7,133,48.7,230.0
959,67,広島,1207,1,"""道後山""",671,35,3.4,133,11.3,729.0
960,67,広島,1208,2,"""安田山""",672,34,55.3,132,48.9,638.0
961,67,広島,1209,3,"""犬伏山""",673,34,48.3,132,36.9,786.0
962,67,広島,1210,4,"""三次""",674,34,48.7,132,51.0,159.0
963,67,広島,1211,5,"""庄原""",675,34,51.6,133,1.4,300.0
964,67,広島,1212,6,"""大朝""",676,34,46.1,132,27.8,399.0
965,67,広島,1213,7,"""加計""",677,34,36.6,132,19.2,210.0
966,67,広島,1214,8,"""海見山""",678,34,36.4,132,28.7,805.0
967,67,広島,1215,9,"""上下""",679,34,41.6,133,7.0,384.0
968,67,広島,1216,10,"""内黒山""",680,34,35.8,132,10.6,987.0
969,67,広島,1217,11,"""世羅""",681,34,35.0,133,3.0,350.0
970,67,広島,1218,12,"""恵下谷山""",682,34,29.1,132,19.8,790.0
971,67,広島,1219,13,"""東広島""",683,34,25.0,132,42.0,224.0
972,67,広島,1220,14,"""福山""",47767,34,26.8,133,14.8,1.6
973,67,広島,1221,15,"""広島""",47765,34,23.9,132,27.7,3.6
974,67,広島,1222,16,"""竹原""",686,34,19.8,132,58.9,5.0
975,67,広島,1223,17,"""生口島""",687,34,16.7,133,7.4,3.0
976,67,広島,1224,18,"""大竹""",688,34,13.3,132,13.2,1.0
977,67,広島,1225,19,"""呉""",47766,34,14.4,132,33.0,3.5
978,67,広島,1226,20,"""倉橋""",690,34,5.5,132,29.3,3.0
979,67,広島,1227,21,"""高野""",947,35,2.0,132,54.1,570.0
980,67,広島,1228,22,"""東城""",948,34,53.7,133,16.6,310.0
981,67,広島,1229,23,"""甲田""",949,34,41.7,132,45.6,185.0
982,67,広島,1230,24,"""三入""",950,34,32.7,132,31.8,70.0
983,67,広島,1231,25,"""府中""",951,34,33.7,133,13.9,70.0
984,67,広島,1232,26,"""河内""",952,34,28.1,132,53.6,90.0
985,67,広島,1233,27,"""久比""",953,34,10.9,132,49.8,4.0
986,67,広島,1234,28,"""志和""",1163,34,29.9,132,39.6,215.0
987,67,広島,1235,29,"""王泊""",1257,34,41.9,132,18.7,525.0
988,67,広島,1236,30,"""八幡""",1262,34,42.5,132,10.4,774.0
989,67,広島,1237,31,"""油木""",1325,34,45.8,133,16.7,510.0
990,67,広島,1238,32,"""廿日市津田""",1326,34,21.9,132,11.4,317.0
991,67,広島,1239,33,"""本郷""",1472,34,26.1,132,55.1,331.0
992,67,広島,1240,34,"""佐伯湯来""",1575,34,29.9,132,17.4,206.0
993,67,広島,1241,35,"""都志見""",1579,34,38.8,132,26.6,400.0
994,67,広島,1242,36,"""君田""",1582,34,55.7,132,49.8,304.0
995,67,広島,1243,37,"""美土里""",1583,34,43.3,132,39.3,318.0
996,67,広島,1244,38,"""安宿""",1603,34,34.0,132,50.3,363.0
997,67,広島,1245,39,"""呉市蒲刈""",1606,34,9.9,132,44.9,48.0
998,68,島根,1246,1,"""西郷""",47740,36,12.2,133,20.0,26.5
999,68,島根,1247,2,"""西ノ島""",692,36,6.6,133,2.4,3.0
1000,68,島根,1248,3,"""鹿島""",693,35,31.2,133,1.3,5.0
1001,68,島根,1249,4,"""斐川""",694,35,24.8,132,53.4,2.0
1002,68,島根,1250,5,"""松江""",47741,35,27.4,133,3.9,16.9
1003,68,島根,1251,6,"""大東""",696,35,19.1,132,57.9,56.0
1004,68,島根,1252,7,"""大田""",697,35,11.4,132,29.8,30.0
1005,68,島根,1253,8,"""掛合""",698,35,11.8,132,48.9,215.0
1006,68,島根,1254,9,"""横田""",699,35,10.4,133,6.2,369.0
1007,68,島根,1255,10,"""吾妻山""",700,35,4.0,133,2.2,1012.0
1008,68,島根,1256,11,"""川本""",701,34,58.6,132,29.5,132.0
1009,68,島根,1257,12,"""浜田""",47755,34,53.8,132,4.2,19.0
1010,68,島根,1258,13,"""三隅""",703,34,47.7,131,56.9,9.0
1011,68,島根,1259,14,"""益田""",704,34,40.6,131,50.6,4.0
1012,68,島根,1260,15,"""聖山""",705,34,38.2,132,8.7,1112.0
1013,68,島根,1261,16,"""十種峯""",706,34,26.4,131,41.7,902.0
1014,68,島根,1262,17,"""津和野""",707,34,27.7,131,46.2,165.0
1015,68,島根,1263,18,"""佐田""",954,35,13.3,132,43.4,100.0
1016,68,島根,1264,19,"""桜江""",1093,34,57.2,132,20.0,32.0
1017,68,島根,1265,20,"""瑞穂""",1094,34,51.2,132,31.8,327.0
1018,68,島根,1266,21,"""伯太""",1095,35,21.0,133,16.4,23.0
1019,68,島根,1267,22,"""波佐""",1175,34,46.8,132,11.8,370.0
1020,68,島根,1268,23,"""匹見""",1176,34,34.3,132,1.0,259.0
1021,68,島根,1269,24,"""海士""",1307,36,5.8,133,5.8,3.0
1022,68,島根,1270,25,"""出雲""",1310,35,19.9,132,43.8,20.0
1023,68,島根,1271,26,"""赤名""",1320,35,0.1,132,42.7,444.0
1024,68,島根,1272,27,"""弥栄""",1321,34,46.6,132,6.5,380.0
1025,68,島根,1273,28,"""六日市""",1322,34,21.2,131,56.1,311.0
1026,68,島根,1274,29,"""福光""",1336,35,4.2,132,20.0,8.0
1027,68,島根,1275,30,"""原山""",1362,34,51.9,132,24.3,741.0
1028,68,島根,1276,31,"""西郷岬""",1473,36,10.7,133,19.4,80.0
1029,68,島根,1277,32,"""高津""",1474,34,40.5,131,47.4,54.0
1030,68,島根,1278,33,"""吉賀""",1592,34,23.5,131,53.6,250.0
1031,69,鳥取,1279,1,"""境""",47742,35,32.6,133,14.1,2.0
1032,69,鳥取,1280,2,"""青谷""",709,35,31.2,133,59.8,13.0
1033,69,鳥取,1281,3,"""鳥取""",47746,35,29.2,134,14.3,7.1
1034,69,鳥取,1282,4,"""岩井""",711,35,33.5,134,21.6,19.0
1035,69,鳥取,1283,5,"""米子""",47744,35,26.0,133,20.3,6.5
1036,69,鳥取,1284,6,"""倉吉""",713,35,28.4,133,50.3,8.0
1037,69,鳥取,1285,7,"""菅俵原""",714,35,25.1,133,59.3,713.0
1038,69,鳥取,1286,8,"""霊石山""",715,35,24.7,134,12.8,320.0
1039,69,鳥取,1287,9,"""大山""",716,35,23.6,133,32.2,875.0
1040,69,鳥取,1288,10,"""古峠山""",717,35,16.1,133,26.3,594.0
1041,69,鳥取,1289,11,"""智頭""",718,35,15.8,134,14.4,182.0
1042,69,鳥取,1290,12,"""日南""",938,35,9.9,133,19.3,290.0
1043,69,鳥取,1291,13,"""関金""",1177,35,22.7,133,45.4,150.0
1044,69,鳥取,1292,14,"""若桜""",1178,35,20.0,134,24.3,231.0
1045,69,鳥取,1293,15,"""塩津""",1231,35,31.4,133,34.0,15.0
1046,69,鳥取,1294,16,"""茶屋""",1304,35,11.2,133,13.8,490.0
1047,69,鳥取,1295,17,"""佐治""",1385,35,19.7,134,6.8,210.0
1048,69,鳥取,1296,18,"""江尾""",1389,35,17.3,133,29.0,155.0
1049,69,鳥取,1297,19,"""鹿野""",1391,35,24.8,134,1.0,210.0
1050,69,鳥取,1298,20,"""湖山""",1519,35,31.8,134,9.9,15.0
1051,71,徳島,1299,1,"""大山寺""",719,34,9.8,134,23.6,690.0
1052,71,徳島,1300,2,"""池田""",720,34,1.4,133,47.7,214.0
1053,71,徳島,1301,3,"""徳島""",47895,34,4.0,134,34.4,1.6
1054,71,徳島,1302,4,"""江田山""",722,33,55.3,134,15.9,1100.0
1055,71,徳島,1303,5,"""太竜寺山""",723,33,52.4,134,31.7,600.0
1056,71,徳島,1304,6,"""日和佐""",724,33,43.9,134,32.3,3.0
1057,71,徳島,1305,7,"""宍喰""",725,33,33.8,134,18.3,4.0
1058,71,徳島,1306,8,"""穴吹""",972,34,2.4,134,9.4,160.0
1059,71,徳島,1307,9,"""福原旭""",1098,33,52.7,134,23.3,290.0
1060,71,徳島,1308,10,"""蒲生田""",1242,33,50.2,134,44.5,10.0
1061,71,徳島,1309,11,"""京上""",1252,33,52.0,133,54.2,560.0
1062,71,徳島,1310,12,"""半田""",1327,33,59.4,134,2.2,228.0
1063,71,徳島,1311,13,"""木頭""",1352,33,46.3,134,12.3,330.0
1064,71,徳島,1312,14,"""旭丸""",1358,33,56.0,134,19.6,1200.0
1065,71,徳島,1313,15,"""剣山""",47894,33,51.2,134,5.8,1944.8
1066,71,徳島,1314,16,"""海陽""",1604,33,36.7,134,21.3,5.0
1067,72,香川,1315,1,"""内海""",726,34,28.3,134,16.4,20.0
1068,72,香川,1316,2,"""高松""",47891,34,19.0,134,3.2,8.7
1069,72,香川,1317,3,"""多度津""",47890,34,16.5,133,45.1,3.7
1070,72,香川,1318,4,"""滝宮""",729,34,14.2,133,55.4,60.0
1071,72,香川,1319,5,"""引田""",730,34,12.8,134,24.4,12.0
1072,72,香川,1320,6,"""竜王山""",731,34,6.8,134,3.0,1040.0
1073,72,香川,1321,7,"""財田""",1239,34,7.2,133,46.3,65.0
1074,72,香川,1322,8,"""香南""",1475,34,12.8,134,0.9,185.0
1075,73,愛媛,1323,1,"""大三島""",732,34,15.0,133,0.4,9.0
1076,73,愛媛,1324,2,"""玉川""",733,34,1.1,132,56.4,67.0
1077,73,愛媛,1325,3,"""新居浜""",734,33,56.2,133,20.3,90.0
1078,73,愛媛,1326,4,"""四国中央""",735,33,58.9,133,34.9,75.0
1079,73,愛媛,1327,5,"""松山""",47887,33,50.6,132,46.6,32.2
1080,73,愛媛,1328,6,"""上林""",737,33,44.3,132,53.4,460.0
1081,73,愛媛,1329,7,"""成就社""",738,33,47.7,133,7.9,1280.0
1082,73,愛媛,1330,8,"""長浜""",739,33,37.0,132,28.8,4.0
1083,73,愛媛,1331,9,"""中山""",740,33,38.3,132,42.5,163.0
1084,73,愛媛,1332,10,"""久万""",741,33,39.8,132,53.7,511.0
1085,73,愛媛,1333,11,"""獅子越峠""",742,33,32.6,132,49.9,1000.0
1086,73,愛媛,1334,12,"""八幡浜""",743,33,26.9,132,26.0,8.0
1087,73,愛媛,1335,13,"""宇和島""",47892,33,13.6,132,33.1,2.4
1088,73,愛媛,1336,14,"""御荘""",745,32,57.8,132,34.2,12.0
1089,73,愛媛,1337,15,"""西条""",958,33,54.9,133,4.8,4.0
1090,73,愛媛,1338,16,"""大洲""",959,33,30.5,132,32.1,20.0
1091,73,愛媛,1339,17,"""三崎""",960,33,23.2,132,7.3,2.0
1092,73,愛媛,1340,18,"""宇和""",961,33,22.0,132,30.2,200.0
1093,73,愛媛,1341,19,"""今治""",1077,34,3.2,132,58.5,27.0
1094,73,愛媛,1342,20,"""富郷""",1260,33,54.9,133,30.6,310.0
1095,73,愛媛,1343,21,"""近永""",1350,33,15.2,132,40.5,129.0
1096,73,愛媛,1344,22,"""瀬戸""",1456,33,26.8,132,15.4,143.0
1097,73,愛媛,1345,23,"""松山南吉田""",1521,33,49.6,132,41.9,4.0
1098,74,高知,1346,1,"""本山""",746,33,45.2,133,34.5,252.0
1099,74,高知,1347,2,"""繁藤""",747,33,40.7,133,41.1,346.0
1100,74,高知,1348,3,"""佐川""",748,33,30.7,133,16.3,80.0
1101,74,高知,1349,4,"""成山""",749,33,35.5,133,24.0,737.0
1102,74,高知,1350,5,"""高知""",47893,33,34.0,133,32.9,0.5
1103,74,高知,1351,6,"""南国""",751,33,35.6,133,38.6,10.0
1104,74,高知,1352,7,"""芸西""",752,33,33.1,133,50.3,420.0
1105,74,高知,1353,8,"""鳥形山""",753,33,28.8,133,5.0,835.0
1106,74,高知,1354,9,"""船戸""",754,33,25.0,133,5.3,428.0
1107,74,高知,1355,10,"""安芸""",755,33,29.3,133,56.0,6.0
1108,74,高知,1356,11,"""須崎""",756,33,23.1,133,16.6,4.0
1109,74,高知,1357,12,"""佐喜浜""",757,33,23.6,134,12.3,12.0
1110,74,高知,1358,13,"""窪川""",758,33,12.4,133,7.7,205.0
1111,74,高知,1359,14,"""室戸岬""",47899,33,15.1,134,10.6,185.0
1112,74,高知,1360,15,"""堂ケ森""",760,33,9.5,132,52.6,857.0
1113,74,高知,1361,16,"""大正""",761,33,11.6,132,58.3,150.0
1114,74,高知,1362,17,"""宿毛""",47897,32,55.2,132,41.7,2.2
1115,74,高知,1363,18,"""中村""",763,32,59.4,132,55.2,8.0
1116,74,高知,1364,19,"""清水""",47898,32,43.3,133,0.6,31.0
1117,74,高知,1365,20,"""梼原""",921,33,23.4,132,55.3,415.0
1118,74,高知,1366,21,"""田野""",955,33,25.6,134,0.4,17.0
1119,74,高知,1367,22,"""池川""",1179,33,36.5,133,10.1,150.0
1120,74,高知,1368,23,"""大栃""",1229,33,41.9,133,52.5,210.0
1121,74,高知,1369,24,"""佐賀""",1233,33,4.7,133,6.1,3.0
1122,74,高知,1370,25,"""江川崎""",1235,33,10.2,132,47.5,72.0
1123,74,高知,1371,26,"""後免""",1249,33,35.4,133,38.6,12.0
1124,74,高知,1372,27,"""魚梁瀬""",1281,33,36.9,134,6.5,450.0
1125,74,高知,1373,28,"""本川""",1351,33,45.9,133,20.3,550.0
1126,74,高知,1374,29,"""南国日章""",1476,33,32.7,133,40.1,9.0
1127,74,高知,1375,30,"""三崎""",1556,32,47.7,132,52.3,9.0
1128,81,山口,1376,1,"""須佐""",765,34,36.9,131,37.4,50.0
1129,81,山口,1377,2,"""萩""",47754,34,24.6,131,24.3,2.2
1130,81,山口,1378,3,"""徳佐""",767,34,23.9,131,43.5,310.0
1131,81,山口,1379,4,"""鍋提峠""",768,34,15.9,131,5.7,400.0
1132,81,山口,1380,5,"""秋吉台""",769,34,14.1,131,18.4,240.0
1133,81,山口,1381,6,"""瀬戸原""",770,34,12.9,131,34.9,338.0
1134,81,山口,1382,7,"""広瀬""",771,34,15.7,131,57.1,97.0
1135,81,山口,1383,8,"""豊田""",772,34,11.2,131,4.6,40.0
1136,81,山口,1384,9,"""桜山""",773,34,8.9,131,13.1,451.0
1137,81,山口,1385,10,"""山口""",47784,34,9.7,131,27.7,18.1
1138,81,山口,1386,11,"""防府""",775,34,2.4,131,32.0,4.0
1139,81,山口,1387,12,"""下松""",776,34,0.6,131,52.3,27.0
1140,81,山口,1388,13,"""下関""",47762,33,56.9,130,55.5,3.3
1141,81,山口,1389,14,"""宇部""",778,33,55.8,131,16.7,5.0
1142,81,山口,1390,15,"""安下庄""",779,33,54.2,132,17.6,5.0
1143,81,山口,1391,16,"""玖珂""",913,34,5.7,132,4.5,68.0
1144,81,山口,1392,17,"""油谷""",939,34,22.2,131,3.3,20.0
1145,81,山口,1393,18,"""岩国""",940,34,9.3,132,10.7,41.0
1146,81,山口,1394,19,"""周東""",941,34,5.3,132,2.7,45.0
1147,81,山口,1395,20,"""柳井""",942,33,57.5,132,6.8,3.0
1148,81,山口,1396,21,"""羅漢山""",1100,34,21.0,132,3.8,945.0
1149,81,山口,1397,22,"""長野山""",1101,34,16.7,131,52.9,970.0
1150,81,山口,1398,23,"""和田""",1261,34,8.9,131,44.1,140.0
1151,81,山口,1399,24,"""篠生""",1367,34,18.2,131,34.6,205.0
1152,81,山口,1400,25,"""鹿野""",1614,34,13.5,131,48.9,368.0
1153,81,山口,1401,26,"""東厚保""",1620,34,7.1,131,10.9,56.0
1154,82,福岡,1402,1,"""八幡""",780,33,51.1,130,44.6,20.0
1155,82,福岡,1403,2,"""小倉""",781,33,50.1,130,56.8,3.0
1156,82,福岡,1404,3,"""行橋""",782,33,42.8,130,58.5,9.0
1157,82,福岡,1405,4,"""篠栗""",783,33,38.3,130,32.7,376.0
1158,82,福岡,1406,5,"""飯塚""",47809,33,39.1,130,41.6,37.1
1159,82,福岡,1407,6,"""前原""",785,33,33.6,130,11.4,5.0
1160,82,福岡,1408,7,"""福岡""",47807,33,34.9,130,22.5,2.5
1161,82,福岡,1409,8,"""九千部山""",787,33,25.0,130,26.7,852.0
1162,82,福岡,1410,9,"""朝倉""",788,33,24.3,130,41.7,36.0
1163,82,福岡,1411,10,"""英彦山""",789,33,29.3,130,55.4,823.0
1164,82,福岡,1412,11,"""久留米""",790,33,18.2,130,29.6,7.0
1165,82,福岡,1413,12,"""耳納山""",791,33,17.5,130,37.5,607.0
1166,82,福岡,1414,13,"""黒木""",792,33,13.5,130,38.7,144.0
1167,82,福岡,1415,14,"""大牟田""",793,33,0.4,130,28.0,40.0
1168,82,福岡,1416,15,"""宗像""",943,33,48.5,130,32.3,7.0
1169,82,福岡,1417,16,"""頂吉""",944,33,44.5,130,50.6,180.0
1170,82,福岡,1418,17,"""柳川""",945,33,9.6,130,24.2,7.0
1171,82,福岡,1419,18,"""添田""",1046,33,33.5,130,51.3,92.0
1172,82,福岡,1420,19,"""太宰府""",1141,33,29.8,130,29.4,52.0
1173,82,福岡,1421,20,"""博多""",1477,33,35.0,130,27.1,9.0
1174,82,福岡,1422,21,"""曽根""",1527,33,50.1,130,56.8,3.0
1175,82,福岡,1423,22,"""空港北町""",1590,33,50.7,131,2.1,7.0
1176,82,福岡,1424,23,"""早良脇山""",1611,33,29.3,130,21.2,83.0
1177,82,福岡,1425,24,"""東谷""",1637,33,46.7,130,51.9,55.0
1178,82,福岡,1426,25,"""小呂島""",1657,33,51.8,130,2.1,49.0
1179,83,大分,1427,1,"""中津""",794,33,35.2,131,14.7,12.0
1180,83,大分,1428,2,"""豊後高田""",795,33,34.2,131,26.0,5.0
1181,83,大分,1429,3,"""武蔵""",796,33,28.7,131,44.2,5.0
1182,83,大分,1430,4,"""伏木""",797,33,22.5,130,58.9,420.0
1183,83,大分,1431,5,"""日田""",47814,33,19.3,130,55.7,82.9
1184,83,大分,1432,6,"""湯布院""",799,33,15.2,131,20.8,435.0
1185,83,大分,1433,7,"""大分""",47815,33,14.1,131,37.1,4.6
1186,83,大分,1434,8,"""佐賀関""",801,33,14.9,131,51.9,1.0
1187,83,大分,1435,9,"""釈迦岳""",802,33,11.3,130,53.5,1200.0
1188,83,大分,1436,10,"""湯平""",803,33,11.1,131,19.9,805.0
1189,83,大分,1437,11,"""温見""",804,33,4.5,131,25.8,591.0
1190,83,大分,1438,12,"""犬飼""",805,33,3.9,131,37.9,100.0
1191,83,大分,1439,13,"""竹田""",806,32,58.4,131,23.9,261.0
1192,83,大分,1440,14,"""出羽""",807,32,58.1,131,40.1,473.0
1193,83,大分,1441,15,"""佐伯""",808,32,57.0,131,54.1,2.0
1194,83,大分,1442,16,"""倉木""",809,32,53.7,131,23.7,483.0
1195,83,大分,1443,17,"""蒲江""",810,32,47.7,131,55.4,2.0
1196,83,大分,1444,18,"""院内""",931,33,25.2,131,19.0,90.0
1197,83,大分,1445,19,"""玖珠""",932,33,17.5,131,9.3,331.0
1198,83,大分,1446,20,"""臼杵""",933,33,7.9,131,47.8,30.0
1199,83,大分,1447,21,"""耶馬渓""",979,33,26.7,131,6.9,100.0
1200,83,大分,1448,22,"""国見""",1137,33,40.5,131,35.4,14.0
1201,83,大分,1449,23,"""宇目""",1142,32,50.7,131,40.5,200.0
1202,83,大分,1450,24,"""別府""",1157,33,21.0,131,28.5,263.0
1203,83,大分,1451,25,"""杵築""",1237,33,25.0,131,35.8,5.0
1204,83,大分,1452,26,"""椿ヶ鼻""",1554,33,11.4,130,54.9,843.0
1205,84,長崎,1453,1,"""佐須奈""",811,34,38.4,129,24.0,5.0
1206,84,長崎,1454,2,"""厳原""",47800,34,11.8,129,17.5,3.7
1207,84,長崎,1455,3,"""平戸""",47805,33,21.6,129,33.0,57.8
1208,84,長崎,1456,4,"""松浦""",814,33,20.5,129,42.7,14.0
1209,84,長崎,1457,5,"""国見山""",815,33,14.1,129,48.8,769.0
1210,84,長崎,1458,6,"""佐世保""",47812,33,9.5,129,43.6,3.9
1211,84,長崎,1459,7,"""大瀬戸""",817,32,56.9,129,37.9,43.0
1212,84,長崎,1460,8,"""長浦岳""",818,32,54.5,129,44.3,510.0
1213,84,長崎,1461,9,"""五家原岳""",819,32,56.5,130,4.6,776.0
1214,84,長崎,1462,10,"""諫早""",820,32,50.6,130,1.5,15.0
1215,84,長崎,1463,11,"""長崎""",47817,32,44.0,129,52.0,26.9
1216,84,長崎,1464,12,"""雲仙岳""",47818,32,44.2,130,15.7,677.5
1217,84,長崎,1465,13,"""福江""",47843,32,41.6,128,49.6,25.1
1218,84,長崎,1466,14,"""口之津""",922,32,36.7,130,11.6,13.0
1219,84,長崎,1467,15,"""島原""",962,32,45.6,130,21.7,14.0
1220,84,長崎,1468,16,"""有川""",1080,32,58.9,129,7.1,11.0
1221,84,長崎,1469,17,"""大村""",1084,32,55.0,129,54.8,3.0
1222,84,長崎,1470,18,"""有川""",1138,32,58.9,129,7.1,11.0
1223,84,長崎,1471,19,"""芦辺""",1144,33,48.0,129,43.3,97.0
1224,84,長崎,1472,20,"""野母崎""",1441,32,34.7,129,44.4,190.0
1225,84,長崎,1473,21,"""深江""",1442,32,43.6,130,18.9,200.0
1226,84,長崎,1474,22,"""普賢岳""",1446,32,45.0,130,17.1,1100.0
1227,84,長崎,1475,23,"""百花台""",1451,32,49.2,130,17.5,210.0
1228,84,長崎,1476,24,"""千々石""",1452,32,47.2,130,11.9,20.0
1229,84,長崎,1477,25,"""鰐浦""",1453,34,41.9,129,26.7,63.0
1230,84,長崎,1478,26,"""石田""",1478,33,44.9,129,47.1,12.0
1231,84,長崎,1479,27,"""上大津""",1479,32,39.9,128,49.9,77.0
1232,84,長崎,1480,28,"""小値賀""",1535,33,11.4,129,5.4,8.0
1233,84,長崎,1481,29,"""頭ヶ島""",1536,33,0.8,129,11.5,80.0
1234,84,長崎,1482,30,"""美津島""",1538,34,17.1,129,19.8,63.0
1235,85,佐賀,1483,1,"""枝去木""",824,33,29.9,129,53.9,110.0
1236,85,佐賀,1484,2,"""和多田""",825,33,25.5,129,59.1,5.0
1237,85,佐賀,1485,3,"""権現山""",826,33,24.0,130,14.2,590.0
1238,85,佐賀,1486,4,"""八幡岳""",827,33,16.9,130,1.6,761.0
1239,85,佐賀,1487,5,"""佐賀""",47813,33,15.9,130,18.3,5.5
1240,85,佐賀,1488,6,"""白石""",829,33,11.0,130,8.9,2.0
1241,85,佐賀,1489,7,"""嬉野""",830,33,7.0,129,59.7,81.0
1242,85,佐賀,1490,8,"""多良岳""",831,32,58.3,130,9.3,395.0
1243,85,佐賀,1491,9,"""伊万里""",1075,33,16.0,129,52.7,25.0
1244,85,佐賀,1492,10,"""川副""",1480,33,8.9,130,18.1,2.0
1245,85,佐賀,1493,11,"""唐津""",1610,33,27.5,129,57.3,23.0
1246,85,佐賀,1494,12,"""鳥栖""",1612,33,23.1,130,31.0,25.0
1247,85,佐賀,1495,13,"""北山""",1616,33,24.8,130,13.2,339.0
1248,86,熊本,1496,1,"""鹿北""",832,33,6.9,130,41.5,119.0
1249,86,熊本,1497,2,"""南小国""",833,33,6.2,131,4.0,448.0
1250,86,熊本,1498,3,"""岱明""",834,32,54.9,130,30.7,15.0
1251,86,熊本,1499,4,"""菊池""",835,32,56.7,130,46.9,83.0
1252,86,熊本,1500,5,"""鞍岳""",836,32,57.0,130,55.1,640.0
1253,86,熊本,1501,6,"""熊本""",47819,32,48.8,130,42.4,37.7
1254,86,熊本,1502,7,"""俵山""",838,32,51.0,130,58.6,850.0
1255,86,熊本,1503,8,"""阿蘇山""",47821,32,52.8,131,4.4,1142.3
1256,86,熊本,1504,9,"""高森""",840,32,49.3,131,7.5,555.0
1257,86,熊本,1505,10,"""間の谷山""",841,32,42.4,130,56.4,640.0
1258,86,熊本,1506,11,"""甲佐""",842,32,38.7,130,48.6,36.0
1259,86,熊本,1507,12,"""松島""",843,32,30.9,130,26.8,2.0
1260,86,熊本,1508,13,"""大金峰""",844,32,33.8,130,54.3,1193.0
1261,86,熊本,1509,14,"""本渡""",845,32,28.1,130,10.8,30.0
1262,86,熊本,1510,15,"""八代""",846,32,28.4,130,36.4,8.0
1263,86,熊本,1511,16,"""人吉""",47824,32,13.0,130,45.3,145.8
1264,86,熊本,1512,17,"""牛深""",47838,32,11.8,130,1.6,3.0
1265,86,熊本,1513,18,"""一里山""",850,32,12.0,130,38.4,650.0
1266,86,熊本,1514,19,"""白髪岳""",851,32,10.3,130,54.6,925.0
1267,86,熊本,1515,20,"""益城""",923,32,50.2,130,51.3,193.0
1268,86,熊本,1516,21,"""水俣""",924,32,12.3,130,24.4,6.0
1269,86,熊本,1517,22,"""多良木""",925,32,17.7,130,57.0,210.0
1270,86,熊本,1518,23,"""上""",926,32,13.5,130,54.3,166.0
1271,86,熊本,1519,24,"""田浦""",946,32,21.8,130,30.5,3.0
1272,86,熊本,1520,25,"""三角""",1081,32,36.7,130,28.7,60.0
1273,86,熊本,1521,26,"""湯前横谷""",1086,32,15.8,131,2.6,665.0
1274,86,熊本,1522,27,"""茶臼峠""",1088,32,21.3,130,54.5,1060.0
1275,86,熊本,1523,28,"""屋形山""",1156,32,18.6,130,44.1,780.0
1276,86,熊本,1524,29,"""五家荘""",1158,32,29.4,130,54.3,580.0
1277,86,熊本,1525,30,"""阿蘇乙姫""",1240,32,56.4,131,2.4,497.0
1278,86,熊本,1526,31,"""五木""",1368,32,23.7,130,49.6,310.0
1279,86,熊本,1527,32,"""山江""",1435,32,18.1,130,44.8,218.0
1280,86,熊本,1528,33,"""宇土""",1580,32,42.0,130,39.4,6.0
1281,86,熊本,1529,34,"""一勝地""",1581,32,14.7,130,38.7,120.0
1282,86,熊本,1530,35,"""戦山""",847,32,7.6,130,43.3,850.0
1283,86,熊本,1531,36,"""山都""",1613,32,42.7,130,57.5,574.0
1284,86,熊本,1532,37,"""南阿蘇""",1660,32,49.9,131,0.8,393.0
1285,87,宮崎,1533,1,"""高千穂""",852,32,42.7,131,17.4,350.0
1286,87,宮崎,1534,2,"""大中尾""",853,32,33.9,131,21.0,380.0
1287,87,宮崎,1535,3,"""中小屋""",854,32,33.9,131,23.8,820.0
1288,87,宮崎,1536,4,"""延岡""",47822,32,34.9,131,39.4,19.2
1289,87,宮崎,1537,5,"""猪原""",856,32,25.0,131,22.1,520.0
1290,87,宮崎,1538,6,"""日向""",857,32,24.5,131,36.0,20.0
1291,87,宮崎,1539,7,"""矢櫃岳""",858,32,18.8,131,23.7,964.0
1292,87,宮崎,1540,8,"""高鍋""",859,32,7.4,131,31.6,4.0
1293,87,宮崎,1541,9,"""加久藤""",860,32,2.8,130,48.6,228.0
1294,87,宮崎,1542,10,"""西都""",861,32,3.8,131,24.8,8.0
1295,87,宮崎,1543,11,"""えびの""",862,31,56.7,130,50.4,1150.0
1296,87,宮崎,1544,12,"""小林""",863,32,0.0,130,57.2,276.0
1297,87,宮崎,1545,13,"""野尻""",864,31,57.4,131,9.4,182.0
1298,87,宮崎,1546,14,"""国富""",865,32,0.4,131,17.8,66.0
1299,87,宮崎,1547,15,"""宮崎""",47830,31,56.3,131,24.8,9.2
1300,87,宮崎,1548,16,"""霧島御池""",867,31,51.1,130,56.9,500.0
1301,87,宮崎,1549,17,"""青島""",868,31,48.2,131,27.6,8.0
1302,87,宮崎,1550,18,"""都城""",47829,31,43.8,131,4.9,153.8
1303,87,宮崎,1551,19,"""鰐塚山""",870,31,46.1,131,16.0,1082.0
1304,87,宮崎,1552,20,"""油津""",47835,31,34.7,131,24.4,2.9
1305,87,宮崎,1553,21,"""串間""",872,31,27.9,131,13.2,20.0
1306,87,宮崎,1554,22,"""古江""",1135,32,42.7,131,49.2,14.0
1307,87,宮崎,1555,23,"""深瀬""",1164,31,38.2,131,15.0,130.0
1308,87,宮崎,1556,24,"""見立""",1275,32,47.0,131,26.9,530.0
1309,87,宮崎,1557,25,"""諸塚""",1343,32,31.0,131,20.1,150.0
1310,87,宮崎,1558,26,"""西米良""",1345,32,14.5,131,9.1,258.0
1311,87,宮崎,1559,27,"""鞍岡""",1348,32,38.6,131,9.4,590.0
1312,87,宮崎,1560,28,"""神門""",1353,32,23.1,131,19.9,250.0
1313,87,宮崎,1561,29,"""北方""",1432,32,33.7,131,31.5,30.0
1314,87,宮崎,1562,30,"""上椎葉""",1433,32,27.9,131,9.4,420.0
1315,87,宮崎,1563,31,"""赤江""",1481,31,52.6,131,26.9,6.0
1316,87,宮崎,1564,32,"""都農""",1608,32,17.0,131,32.5,61.0
1317,87,宮崎,1565,33,"""日之影""",1609,32,40.9,131,24.4,262.0
1318,87,宮崎,1566,34,"""高原""",1623,31,55.7,131,0.4,211.0
1319,87,宮崎,1567,35,"""山田""",1624,31,48.8,131,2.3,165.0
1320,87,宮崎,1568,36,"""椎葉""",1636,32,28.5,131,6.2,517.0
1321,87,宮崎,1569,37,"""田野""",1663,31,50.6,131,18.5,134.0
1322,88,鹿児島,1570,1,"""阿久根""",47823,32,1.6,130,12.0,40.1
1323,88,鹿児島,1571,2,"""古原野""",874,32,5.0,130,30.8,540.0
1324,88,鹿児島,1572,3,"""大口""",875,32,2.8,130,37.6,175.0
1325,88,鹿児島,1573,4,"""魚野越""",876,32,1.7,130,42.7,460.0
1326,88,鹿児島,1574,5,"""紫尾山""",877,31,58.8,130,22.0,1060.0
1327,88,鹿児島,1575,6,"""さつま柏原""",878,31,55.0,130,27.3,59.0
1328,88,鹿児島,1576,7,"""中甑""",879,31,50.1,129,52.0,10.0
1329,88,鹿児島,1577,8,"""川内""",880,31,50.0,130,18.9,5.0
1330,88,鹿児島,1578,9,"""溝辺""",881,31,48.2,130,43.1,272.0
1331,88,鹿児島,1579,10,"""八重山""",882,31,44.8,130,26.3,533.0
1332,88,鹿児島,1580,11,"""東市来""",883,31,40.1,130,19.7,40.0
1333,88,鹿児島,1581,12,"""権現ケ尾""",884,31,30.5,130,27.8,397.0
1334,88,鹿児島,1582,13,"""鹿児島""",47827,31,33.3,130,32.8,3.9
1335,88,鹿児島,1583,14,"""高峠""",886,31,30.7,130,44.7,520.0
1336,88,鹿児島,1584,15,"""加世田""",887,31,24.9,130,19.5,9.0
1337,88,鹿児島,1585,16,"""吉ケ別府""",888,31,27.7,130,51.6,100.0
1338,88,鹿児島,1586,17,"""喜入""",890,31,23.2,130,32.4,4.0
1339,88,鹿児島,1587,18,"""肝属川""",891,31,21.0,130,56.9,8.0
1340,88,鹿児島,1588,19,"""枕崎""",47831,31,16.3,130,17.5,29.5
1341,88,鹿児島,1589,20,"""指宿""",893,31,15.0,130,38.2,5.0
1342,88,鹿児島,1590,21,"""甫与志岳""",894,31,15.3,130,57.3,550.0
1343,88,鹿児島,1591,22,"""内之浦""",895,31,16.6,131,3.3,8.0
1344,88,鹿児島,1592,23,"""種子島""",47837,30,43.2,130,58.9,24.9
1345,88,鹿児島,1593,24,"""中種子""",897,30,36.3,130,59.5,234.0
1346,88,鹿児島,1594,25,"""上中""",898,30,24.4,130,54.1,150.0
1347,88,鹿児島,1595,26,"""尾之間""",899,30,14.1,130,33.3,60.0
1348,88,鹿児島,1596,27,"""名瀬""",47909,28,22.7,129,29.7,2.8
1349,88,鹿児島,1597,28,"""屋久島""",47836,30,23.1,130,39.5,37.3
1350,88,鹿児島,1598,29,"""沖永良部""",47942,27,25.9,128,42.3,26.8
1351,88,鹿児島,1599,30,"""出水""",934,32,5.6,130,21.1,11.0
1352,88,鹿児島,1600,31,"""牧之原""",935,31,39.7,130,50.6,387.0
1353,88,鹿児島,1601,32,"""志布志""",936,31,28.7,131,5.7,70.0
1354,88,鹿児島,1602,33,"""鹿屋""",937,31,23.5,130,51.8,80.0
1355,88,鹿児島,1603,34,"""古仁屋""",980,28,8.6,129,18.9,2.0
1356,88,鹿児島,1604,35,"""矢止岳""",1104,31,51.2,130,33.5,500.0
1357,88,鹿児島,1605,36,"""田代""",1136,31,11.9,130,50.6,182.0
1358,88,鹿児島,1606,37,"""伊仙""",1139,27,40.6,128,58.4,44.0
1359,88,鹿児島,1607,38,"""輝北""",1146,31,35.3,130,51.3,360.0
1360,88,鹿児島,1608,39,"""大隅""",1149,31,34.8,131,0.3,170.0
1361,88,鹿児島,1609,40,"""佐多""",1161,31,5.6,130,41.4,27.0
1362,88,鹿児島,1610,41,"""肝付前田""",1181,31,20.4,130,56.3,31.0
1363,88,鹿児島,1611,42,"""与論島""",1277,27,2.6,128,24.1,14.0
1364,88,鹿児島,1612,43,"""喜界島""",1296,28,19.2,129,55.6,5.0
1365,88,鹿児島,1613,44,"""笠利""",1520,28,25.8,129,42.7,4.0
1366,88,鹿児島,1614,45,"""中之島""",1540,29,50.4,129,52.0,220.0
1367,88,鹿児島,1615,46,"""天城""",1542,27,50.1,128,52.8,2.0
1368,88,鹿児島,1616,47,"""霧島牧園""",1625,31,53.1,130,49.2,527.0
1369,88,鹿児島,1617,48,"""宝島""",1647,29,9.1,129,12.1,33.0
1370,88,鹿児島,1618,49,"""諏訪之瀬島""",1654,29,36.6,129,42.3,111.0
1371,88,鹿児島,1619,50,"""小宝島""",1655,29,13.5,129,19.7,10.0
1372,88,鹿児島,1620,51,"""平島""",1658,29,41.0,129,31.7,97.0
1373,91,沖縄,1621,1,"""奥""",901,26,50.1,128,16.3,232.0
1374,91,沖縄,1622,2,"""与那覇岳""",902,26,43.6,128,12.9,375.0
1375,91,沖縄,1623,3,"""呉我山""",903,26,39.9,127,58.2,86.0
1376,91,沖縄,1624,4,"""名護""",47940,26,35.6,127,57.9,6.1
1377,91,沖縄,1625,5,"""名嘉真""",905,26,30.8,127,54.8,75.0
1378,91,沖縄,1626,6,"""読谷""",906,26,24.3,127,44.5,99.0
1379,91,沖縄,1627,7,"""胡屋""",907,26,19.6,127,48.3,86.0
1380,91,沖縄,1628,8,"""那覇""",47936,26,12.4,127,41.2,28.1
1381,91,沖縄,1629,9,"""糸数""",909,26,9.2,127,45.9,186.0
1382,91,沖縄,1630,10,"""金武""",1064,26,27.2,127,51.5,8.0
1383,91,沖縄,1631,11,"""石垣島""",47918,24,20.2,124,9.8,5.7
1384,91,沖縄,1632,12,"""伊原間""",1145,24,30.5,124,16.8,15.0
1385,91,沖縄,1633,13,"""伊是名""",1147,26,56.9,127,56.4,14.0
1386,91,沖縄,1634,14,"""宮古島""",47927,24,47.6,125,16.7,39.9
1387,91,沖縄,1635,15,"""久米島""",47929,26,20.2,126,48.2,5.0
1388,91,沖縄,1636,16,"""渡嘉敷""",1152,26,12.6,127,21.8,220.0
1389,91,沖縄,1637,17,"""伊良部""",1246,24,49.6,125,10.3,10.0
1390,91,沖縄,1638,18,"""多良間""",1247,24,40.0,124,41.8,16.0
1391,91,沖縄,1639,19,"""城辺""",1248,24,44.6,125,24.6,55.0
1392,91,沖縄,1640,20,"""川平""",1250,24,28.0,124,8.4,7.0
1393,91,沖縄,1641,21,"""大原""",1251,24,15.9,123,52.3,33.0
1394,91,沖縄,1642,22,"""西表島""",47917,24,25.6,123,45.9,9.9
1395,91,沖縄,1643,23,"""与那国島""",47912,24,28.0,123,0.6,30.0
1396,91,沖縄,1644,24,"""波照間""",1354,24,3.3,123,46.0,38.0
1397,91,沖縄,1645,25,"""南大東（南大東島）""",47945,25,49.7,131,13.7,15.3
1398,91,沖縄,1646,26,"""本部""",1373,26,41.1,127,53.9,25.0
1399,91,沖縄,1647,27,"""東""",1374,26,37.9,128,9.2,24.0
1400,91,沖縄,1648,28,"""安次嶺""",1482,26,11.7,127,38.7,3.0
1401,91,沖縄,1649,29,"""鏡原""",1483,24,46.9,125,17.7,43.0
1402,91,沖縄,1650,30,"""真栄里""",1484,24,20.6,124,11.2,26.0
1403,91,沖縄,1651,31,"""下地""",1490,24,49.6,125,8.6,8.0
1404,91,沖縄,1652,32,"""仲筋""",1491,24,39.2,124,40.5,10.0
1405,91,沖縄,1653,33,"""所野""",1493,24,28.0,122,58.7,15.0
1406,91,沖縄,1654,34,"""志多阿原""",1494,24,3.5,123,48.2,13.0
1407,91,沖縄,1655,35,"""粟国""",1515,26,35.5,127,14.4,12.0
1408,91,沖縄,1656,36,"""慶良間""",1516,26,10.1,127,17.6,48.0
1409,91,沖縄,1657,37,"""北大東""",1517,25,56.6,131,19.6,22.0
1410,91,沖縄,1658,38,"""旧東""",1518,25,50.8,131,15.8,48.0
1411,91,沖縄,1659,39,"""北原""",1534,26,21.8,126,42.8,7.0
1412,91,沖縄,1660,40,"""国頭""",1586,26,43.7,128,10.7,8.0
1413,91,沖縄,1661,41,"""宮城島""",1596,26,21.8,127,58.3,100.0
1414,91,沖縄,1662,42,"""盛山""",1639,24,23.7,124,14.7,31.0
1415,91,沖縄,1663,43,"""渡名喜""",1651,26,22.4,127,8.5,7.0
